ISO-10303-21;
HEADER;
FILE_DESCRIPTION(('CATIA V5 STEP Exchange','CAx-IF Rec.Pracs.--- Model Styling and Organization---1.5--- 2016-08-15','CAx-IF Rec.Pracs.---Supplemental Geometry---1.0---2011-11-01','CAx-IF Rec.Pracs.--- Composite Materials ---3.4---2017-06-13','CAx-IF Rec.Pracs.---Tessellated 3D Geometry---1.0---2015-12-17'),'2;1');

FILE_NAME('V:\\01 Prismatic\\pack.stp','2026-02-12T04:31:23+00:00',('none'),('none'),'CATIA Version 5-6 Release 2022 SP3 HF50','CATIA V5 STEP AP242 v2','none');

FILE_SCHEMA(('AP242_MANAGED_MODEL_BASED_3D_ENGINEERING_MIM_LF  {1 0 10303 442 3 1 4}'));

ENDSEC;
DATA;
#21=MANIFOLD_SOLID_BREP('PartBody',#30) ;
#30=CLOSED_SHELL('Closed Shell',(#86,#117,#140,#171,#194,#211,#242,#290,#542,#590,#872,#903,#927,#950,#974,#997,#1014,#1054,#1085,#1108,#1132,#1155,#1179,#1240,#1459,#1678,#1710,#1734,#1757,#1774,#1791,#1815,#1839,#1862,#1879,#1904,#1921,#1938,#1950,#1962)) ;
#10=PRODUCT_DEFINITION('',' ',#6,#3) ;
#5=PRODUCT('Part1','','',(#2)) ;
#2=PRODUCT_CONTEXT(' ',#1,'mechanical') ;
#1=APPLICATION_CONTEXT('managed model based 3d engineering') ;
#3=PRODUCT_DEFINITION_CONTEXT('part definition',#1,' ') ;
#19=SHAPE_REPRESENTATION(' ',(#18),#16) ;
#41=VERTEX_POINT('',#40) ;
#43=VERTEX_POINT('',#42) ;
#50=VERTEX_POINT('',#49) ;
#57=VERTEX_POINT('',#56) ;
#64=VERTEX_POINT('',#63) ;
#71=VERTEX_POINT('',#70) ;
#97=VERTEX_POINT('',#96) ;
#104=VERTEX_POINT('',#103) ;
#128=VERTEX_POINT('',#127) ;
#151=VERTEX_POINT('',#150) ;
#158=VERTEX_POINT('',#157) ;
#182=VERTEX_POINT('',#181) ;
#222=VERTEX_POINT('',#221) ;
#224=VERTEX_POINT('',#223) ;
#277=VERTEX_POINT('',#276) ;
#577=VERTEX_POINT('',#576) ;
#883=VERTEX_POINT('',#882) ;
#890=VERTEX_POINT('',#889) ;
#914=VERTEX_POINT('',#913) ;
#938=VERTEX_POINT('',#937) ;
#961=VERTEX_POINT('',#960) ;
#985=VERTEX_POINT('',#984) ;
#1025=VERTEX_POINT('',#1024) ;
#1027=VERTEX_POINT('',#1026) ;
#1034=VERTEX_POINT('',#1033) ;
#1041=VERTEX_POINT('',#1040) ;
#1065=VERTEX_POINT('',#1064) ;
#1072=VERTEX_POINT('',#1071) ;
#1096=VERTEX_POINT('',#1095) ;
#1119=VERTEX_POINT('',#1118) ;
#1143=VERTEX_POINT('',#1142) ;
#1166=VERTEX_POINT('',#1165) ;
#1190=VERTEX_POINT('',#1189) ;
#1192=VERTEX_POINT('',#1191) ;
#1689=VERTEX_POINT('',#1688) ;
#1721=VERTEX_POINT('',#1720) ;
#1745=VERTEX_POINT('',#1744) ;
#1802=VERTEX_POINT('',#1801) ;
#1826=VERTEX_POINT('',#1825) ;
#1850=VERTEX_POINT('',#1849) ;
#11=PRODUCT_DEFINITION_SHAPE(' ',' ',#10) ;
#2006=MECHANICAL_DESIGN_GEOMETRIC_PRESENTATION_REPRESENTATION(' ',(#29),#16) ;
#2007=MECHANICAL_DESIGN_GEOMETRIC_PRESENTATION_REPRESENTATION(' ',(#2002),#16) ;
#7=PRODUCT_CATEGORY('part','specification') ;
#15=UNCERTAINTY_MEASURE_WITH_UNIT(LENGTH_MEASURE(0.005),#12,'distance_accuracy_value','CONFUSED CURVE UNCERTAINTY') ;
#8=PRODUCT_RELATED_PRODUCT_CATEGORY('part',$,(#5)) ;
#29=STYLED_ITEM(' ',(#28),#21) ;
#2002=STYLED_ITEM(' ',(#2001),#1997) ;
#28=PRESENTATION_STYLE_ASSIGNMENT((#27)) ;
#2001=PRESENTATION_STYLE_ASSIGNMENT((#2000)) ;
#2000=CURVE_STYLE(' ',#1998,POSITIVE_LENGTH_MEASURE(0.129999995232),#1999) ;
#24=FILL_AREA_STYLE(' ',(#23)) ;
#23=FILL_AREA_STYLE_COLOUR(' ',#22) ;
#47=VECTOR('Line Direction',#46,1.) ;
#61=VECTOR('Line Direction',#60,1.) ;
#68=VECTOR('Line Direction',#67,1.) ;
#75=VECTOR('Line Direction',#74,1.) ;
#101=VECTOR('Line Direction',#100,1.) ;
#155=VECTOR('Line Direction',#154,1.) ;
#202=VECTOR('Line Direction',#201,1.) ;
#219=VECTOR('Line Direction',#218,1.) ;
#880=VECTOR('Line Direction',#879,1.) ;
#887=VECTOR('Line Direction',#886,1.) ;
#894=VECTOR('Line Direction',#893,1.) ;
#911=VECTOR('Line Direction',#910,1.) ;
#965=VECTOR('Line Direction',#964,1.) ;
#1005=VECTOR('Line Direction',#1004,1.) ;
#1022=VECTOR('Line Direction',#1021,1.) ;
#1031=VECTOR('Line Direction',#1030,1.) ;
#1038=VECTOR('Line Direction',#1037,1.) ;
#1045=VECTOR('Line Direction',#1044,1.) ;
#1069=VECTOR('Line Direction',#1068,1.) ;
#1123=VECTOR('Line Direction',#1122,1.) ;
#1163=VECTOR('Line Direction',#1162,1.) ;
#1187=VECTOR('Line Direction',#1186,1.) ;
#1686=VECTOR('Line Direction',#1685,1.) ;
#1693=VECTOR('Line Direction',#1692,1.) ;
#1698=VECTOR('Line Direction',#1697,1.) ;
#1725=VECTOR('Line Direction',#1724,1.) ;
#1765=VECTOR('Line Direction',#1764,1.) ;
#1782=VECTOR('Line Direction',#1781,1.) ;
#1799=VECTOR('Line Direction',#1798,1.) ;
#1806=VECTOR('Line Direction',#1805,1.) ;
#1830=VECTOR('Line Direction',#1829,1.) ;
#1870=VECTOR('Line Direction',#1869,1.) ;
#1887=VECTOR('Line Direction',#1886,1.) ;
#1892=VECTOR('Line Direction',#1891,1.) ;
#1912=VECTOR('Line Direction',#1911,1.) ;
#1929=VECTOR('Line Direction',#1928,1.) ;
#1967=VECTOR('Line Direction',#1966,1.) ;
#1975=VECTOR('Line Direction',#1974,1.) ;
#1983=VECTOR('Line Direction',#1982,1.) ;
#1991=VECTOR('Line Direction',#1990,1.) ;
#32=DIRECTION('Axis2P3D Direction',(0.,0.,-1.)) ;
#33=DIRECTION('Axis2P3D XDirection',(1.,-0.,0.)) ;
#37=DIRECTION('Axis2P3D Direction',(0.,0.,-1.)) ;
#46=DIRECTION('Vector Direction',(0.,-1.,0.)) ;
#53=DIRECTION('Axis2P3D Direction',(0.,0.,-1.)) ;
#60=DIRECTION('Vector Direction',(1.,0.,0.)) ;
#67=DIRECTION('Vector Direction',(0.,-1.,0.)) ;
#74=DIRECTION('Vector Direction',(1.,0.,0.)) ;
#88=DIRECTION('Axis2P3D Direction',(1.,0.,0.)) ;
#89=DIRECTION('Axis2P3D XDirection',(-0.,1.83697019872E-16,1.)) ;
#93=DIRECTION('Axis2P3D Direction',(1.,0.,0.)) ;
#100=DIRECTION('Vector Direction',(1.,0.,0.)) ;
#107=DIRECTION('Axis2P3D Direction',(1.,0.,0.)) ;
#119=DIRECTION('Axis2P3D Direction',(0.,-1.,0.)) ;
#120=DIRECTION('Axis2P3D XDirection',(0.258819045103,0.,0.965925826289)) ;
#124=DIRECTION('Axis2P3D Direction',(1.06581410364E-15,0.,1.)) ;
#131=DIRECTION('Axis2P3D Direction',(0.,-1.,0.)) ;
#142=DIRECTION('Axis2P3D Direction',(1.,0.,0.)) ;
#143=DIRECTION('Axis2P3D XDirection',(0.,1.,0.)) ;
#147=DIRECTION('Axis2P3D Direction',(1.,0.,0.)) ;
#154=DIRECTION('Vector Direction',(1.,0.,0.)) ;
#161=DIRECTION('Axis2P3D Direction',(1.,0.,0.)) ;
#173=DIRECTION('Axis2P3D Direction',(0.,1.,0.)) ;
#174=DIRECTION('Axis2P3D XDirection',(-0.965925826289,0.,-0.258819045103)) ;
#178=DIRECTION('Axis2P3D Direction',(-7.40148683083E-16,0.,-1.)) ;
#185=DIRECTION('Axis2P3D Direction',(0.,1.,0.)) ;
#196=DIRECTION('Axis2P3D Direction',(0.,-1.,0.)) ;
#197=DIRECTION('Axis2P3D XDirection',(1.83697019872E-16,0.,1.)) ;
#201=DIRECTION('Vector Direction',(0.,-1.,0.)) ;
#213=DIRECTION('Axis2P3D Direction',(0.,-1.,0.)) ;
#214=DIRECTION('Axis2P3D XDirection',(0.,0.,-1.)) ;
#218=DIRECTION('Vector Direction',(0.,-1.,0.)) ;
#227=DIRECTION('Axis2P3D Direction',(0.,-1.,0.)) ;
#232=DIRECTION('Axis2P3D Direction',(0.,-1.,0.)) ;
#244=DIRECTION('Axis2P3D Direction',(0.,0.,-1.)) ;
#245=DIRECTION('Axis2P3D XDirection',(-1.13686837722E-15,-1.,0.)) ;
#280=DIRECTION('Axis2P3D Direction',(0.,0.,-1.)) ;
#544=DIRECTION('Axis2P3D Direction',(0.,0.,-1.)) ;
#545=DIRECTION('Axis2P3D XDirection',(-1.,-2.55795384874E-15,0.)) ;
#580=DIRECTION('Axis2P3D Direction',(0.,0.,-1.)) ;
#874=DIRECTION('Axis2P3D Direction',(1.,0.,-0.)) ;
#875=DIRECTION('Axis2P3D XDirection',(0.,0.,1.)) ;
#879=DIRECTION('Vector Direction',(0.,0.,-1.)) ;
#886=DIRECTION('Vector Direction',(0.,-1.,0.)) ;
#893=DIRECTION('Vector Direction',(0.,0.,-1.)) ;
#905=DIRECTION('Axis2P3D Direction',(0.,0.,-1.)) ;
#906=DIRECTION('Axis2P3D XDirection',(1.83697019872E-16,-1.,-0.)) ;
#910=DIRECTION('Vector Direction',(0.,0.,-1.)) ;
#917=DIRECTION('Axis2P3D Direction',(0.,0.,-1.)) ;
#929=DIRECTION('Axis2P3D Direction',(-1.,0.,0.)) ;
#930=DIRECTION('Axis2P3D XDirection',(0.,-0.965925826289,-0.258819045103)) ;
#934=DIRECTION('Axis2P3D Direction',(0.,-1.,3.5527136788E-17)) ;
#941=DIRECTION('Axis2P3D Direction',(-1.,0.,0.)) ;
#952=DIRECTION('Axis2P3D Direction',(0.,0.,-1.)) ;
#953=DIRECTION('Axis2P3D XDirection',(-1.,0.,0.)) ;
#957=DIRECTION('Axis2P3D Direction',(0.,0.,-1.)) ;
#964=DIRECTION('Vector Direction',(0.,0.,-1.)) ;
#976=DIRECTION('Axis2P3D Direction',(-1.,0.,0.)) ;
#977=DIRECTION('Axis2P3D XDirection',(0.,-0.258819045103,0.965925826289)) ;
#981=DIRECTION('Axis2P3D Direction',(0.,-1.,1.7763568394E-16)) ;
#988=DIRECTION('Axis2P3D Direction',(-1.,0.,0.)) ;
#999=DIRECTION('Axis2P3D Direction',(0.,-1.,0.)) ;
#1000=DIRECTION('Axis2P3D XDirection',(1.83697019872E-16,0.,1.)) ;
#1004=DIRECTION('Vector Direction',(0.,-1.,0.)) ;
#1016=DIRECTION('Axis2P3D Direction',(1.,0.,0.)) ;
#1017=DIRECTION('Axis2P3D XDirection',(0.,1.,0.)) ;
#1021=DIRECTION('Vector Direction',(0.,0.,1.)) ;
#1030=DIRECTION('Vector Direction',(0.,1.,0.)) ;
#1037=DIRECTION('Vector Direction',(0.,0.,1.)) ;
#1044=DIRECTION('Vector Direction',(0.,1.,0.)) ;
#1056=DIRECTION('Axis2P3D Direction',(0.,0.,1.)) ;
#1057=DIRECTION('Axis2P3D XDirection',(-1.83697019872E-16,-1.,-0.)) ;
#1061=DIRECTION('Axis2P3D Direction',(0.,0.,1.)) ;
#1068=DIRECTION('Vector Direction',(0.,0.,1.)) ;
#1075=DIRECTION('Axis2P3D Direction',(0.,0.,1.)) ;
#1087=DIRECTION('Axis2P3D Direction',(0.,0.,-1.)) ;
#1088=DIRECTION('Axis2P3D XDirection',(0.965925826289,0.258819045103,0.)) ;
#1092=DIRECTION('Axis2P3D Direction',(-1.18423789293E-16,1.,0.)) ;
#1099=DIRECTION('Axis2P3D Direction',(1.,1.48029736617E-16,0.)) ;
#1110=DIRECTION('Axis2P3D Direction',(-0.,1.,0.)) ;
#1111=DIRECTION('Axis2P3D XDirection',(1.,0.,0.)) ;
#1115=DIRECTION('Axis2P3D Direction',(-0.,1.,0.)) ;
#1122=DIRECTION('Vector Direction',(0.,1.,0.)) ;
#1134=DIRECTION('Axis2P3D Direction',(0.,0.,-1.)) ;
#1135=DIRECTION('Axis2P3D XDirection',(-0.258819045103,0.965925826289,0.)) ;
#1139=DIRECTION('Axis2P3D Direction',(-1.,-2.07241631263E-16,-0.)) ;
#1146=DIRECTION('Axis2P3D Direction',(0.,0.,-1.)) ;
#1157=DIRECTION('Axis2P3D Direction',(0.,-0.,1.)) ;
#1158=DIRECTION('Axis2P3D XDirection',(1.,-1.83697019872E-16,-0.)) ;
#1162=DIRECTION('Vector Direction',(0.,0.,1.)) ;
#1169=DIRECTION('Axis2P3D Direction',(0.,-0.,1.)) ;
#1181=DIRECTION('Axis2P3D Direction',(-0.,1.,0.)) ;
#1182=DIRECTION('Axis2P3D XDirection',(-1.83697019872E-16,-0.,1.)) ;
#1186=DIRECTION('Vector Direction',(0.,1.,0.)) ;
#1680=DIRECTION('Axis2P3D Direction',(0.,1.,-0.)) ;
#1681=DIRECTION('Axis2P3D XDirection',(-1.,0.,0.)) ;
#1685=DIRECTION('Vector Direction',(0.,0.,1.)) ;
#1692=DIRECTION('Vector Direction',(-1.,0.,0.)) ;
#1697=DIRECTION('Vector Direction',(-1.,0.,0.)) ;
#1712=DIRECTION('Axis2P3D Direction',(-1.,0.,0.)) ;
#1713=DIRECTION('Axis2P3D XDirection',(-0.,1.83697019872E-16,-1.)) ;
#1717=DIRECTION('Axis2P3D Direction',(-1.,0.,0.)) ;
#1724=DIRECTION('Vector Direction',(-1.,0.,0.)) ;
#1736=DIRECTION('Axis2P3D Direction',(0.,-1.,0.)) ;
#1737=DIRECTION('Axis2P3D XDirection',(-0.965925826289,0.,0.258819045103)) ;
#1741=DIRECTION('Axis2P3D Direction',(3.84877315203E-16,0.,1.)) ;
#1748=DIRECTION('Axis2P3D Direction',(0.,-1.,0.)) ;
#1759=DIRECTION('Axis2P3D Direction',(0.,0.,1.)) ;
#1760=DIRECTION('Axis2P3D XDirection',(-1.,1.83697019872E-16,0.)) ;
#1764=DIRECTION('Vector Direction',(0.,0.,1.)) ;
#1776=DIRECTION('Axis2P3D Direction',(-1.,0.,0.)) ;
#1777=DIRECTION('Axis2P3D XDirection',(0.,-1.,0.)) ;
#1781=DIRECTION('Vector Direction',(-1.,0.,0.)) ;
#1793=DIRECTION('Axis2P3D Direction',(0.,0.,1.)) ;
#1794=DIRECTION('Axis2P3D XDirection',(1.,0.,0.)) ;
#1798=DIRECTION('Vector Direction',(1.,0.,0.)) ;
#1805=DIRECTION('Vector Direction',(0.,-1.,0.)) ;
#1817=DIRECTION('Axis2P3D Direction',(1.,0.,0.)) ;
#1818=DIRECTION('Axis2P3D XDirection',(-0.,-1.83697019872E-16,-1.)) ;
#1822=DIRECTION('Axis2P3D Direction',(1.,0.,0.)) ;
#1829=DIRECTION('Vector Direction',(1.,0.,0.)) ;
#1841=DIRECTION('Axis2P3D Direction',(0.,1.,0.)) ;
#1842=DIRECTION('Axis2P3D XDirection',(0.258819045103,0.,-0.965925826289)) ;
#1846=DIRECTION('Axis2P3D Direction',(-1.48029736617E-16,0.,-1.)) ;
#1853=DIRECTION('Axis2P3D Direction',(0.,1.,0.)) ;
#1864=DIRECTION('Axis2P3D Direction',(0.,-1.,0.)) ;
#1865=DIRECTION('Axis2P3D XDirection',(-1.,-0.,1.83697019872E-16)) ;
#1869=DIRECTION('Vector Direction',(0.,-1.,0.)) ;
#1881=DIRECTION('Axis2P3D Direction',(0.,-1.,0.)) ;
#1882=DIRECTION('Axis2P3D XDirection',(1.,0.,0.)) ;
#1886=DIRECTION('Vector Direction',(0.,0.,1.)) ;
#1891=DIRECTION('Vector Direction',(1.,0.,0.)) ;
#1906=DIRECTION('Axis2P3D Direction',(0.,-0.,1.)) ;
#1907=DIRECTION('Axis2P3D XDirection',(0.,1.,0.)) ;
#1911=DIRECTION('Vector Direction',(0.,0.,1.)) ;
#1923=DIRECTION('Axis2P3D Direction',(1.,0.,0.)) ;
#1924=DIRECTION('Axis2P3D XDirection',(0.,1.,0.)) ;
#1928=DIRECTION('Vector Direction',(1.,0.,0.)) ;
#1940=DIRECTION('Axis2P3D Direction',(0.,0.,1.)) ;
#1941=DIRECTION('Axis2P3D XDirection',(1.,0.,0.)) ;
#1952=DIRECTION('Axis2P3D Direction',(-1.,0.,0.)) ;
#1953=DIRECTION('Axis2P3D XDirection',(0.,-1.,0.)) ;
#1966=DIRECTION('Vector Direction',(0.,-1.,0.)) ;
#1974=DIRECTION('Vector Direction',(-1.,0.,0.)) ;
#1982=DIRECTION('Vector Direction',(0.,1.,0.)) ;
#1990=DIRECTION('Vector Direction',(1.,0.,0.)) ;
#17=CARTESIAN_POINT(' ',(0.,0.,0.)) ;
#31=CARTESIAN_POINT('Axis2P3D Location',(-820.,0.,200.)) ;
#36=CARTESIAN_POINT('Axis2P3D Location',(160.,-960.,200.)) ;
#40=CARTESIAN_POINT('Vertex',(62.0204102887,-980.,200.)) ;
#42=CARTESIAN_POINT('Vertex',(60.,-960.,200.)) ;
#45=CARTESIAN_POINT('Line Origine',(60.,-410.,200.)) ;
#49=CARTESIAN_POINT('Vertex',(60.,140.,200.)) ;
#52=CARTESIAN_POINT('Axis2P3D Location',(160.,140.,200.)) ;
#56=CARTESIAN_POINT('Vertex',(62.0204102887,160.,200.)) ;
#59=CARTESIAN_POINT('Line Origine',(-363.989794856,160.,200.)) ;
#63=CARTESIAN_POINT('Vertex',(-790.,160.,200.)) ;
#66=CARTESIAN_POINT('Line Origine',(-790.,-410.,200.)) ;
#70=CARTESIAN_POINT('Vertex',(-790.,-980.,200.)) ;
#73=CARTESIAN_POINT('Line Origine',(-363.989794856,-980.,200.)) ;
#87=CARTESIAN_POINT('Axis2P3D Location',(-135.,-980.,170.)) ;
#92=CARTESIAN_POINT('Axis2P3D Location',(-790.,-980.,170.)) ;
#96=CARTESIAN_POINT('Vertex',(-790.,-1010.,170.)) ;
#99=CARTESIAN_POINT('Line Origine',(-135.,-1010.,170.)) ;
#103=CARTESIAN_POINT('Vertex',(62.0204102887,-1010.,170.)) ;
#106=CARTESIAN_POINT('Axis2P3D Location',(62.0204102887,-980.,170.)) ;
#118=CARTESIAN_POINT('Axis2P3D Location',(-790.,-980.,170.)) ;
#123=CARTESIAN_POINT('Axis2P3D Location',(-790.,-980.,170.)) ;
#127=CARTESIAN_POINT('Vertex',(-820.,-980.,170.)) ;
#130=CARTESIAN_POINT('Axis2P3D Location',(-790.,-980.,170.)) ;
#141=CARTESIAN_POINT('Axis2P3D Location',(-135.,160.,170.)) ;
#146=CARTESIAN_POINT('Axis2P3D Location',(62.0204102887,160.,170.)) ;
#150=CARTESIAN_POINT('Vertex',(62.0204102887,190.,170.)) ;
#153=CARTESIAN_POINT('Line Origine',(-135.,190.,170.)) ;
#157=CARTESIAN_POINT('Vertex',(-790.,190.,170.)) ;
#160=CARTESIAN_POINT('Axis2P3D Location',(-790.,160.,170.)) ;
#172=CARTESIAN_POINT('Axis2P3D Location',(-790.,160.,170.)) ;
#177=CARTESIAN_POINT('Axis2P3D Location',(-790.,160.,170.)) ;
#181=CARTESIAN_POINT('Vertex',(-820.,160.,170.)) ;
#184=CARTESIAN_POINT('Axis2P3D Location',(-790.,160.,170.)) ;
#195=CARTESIAN_POINT('Axis2P3D Location',(-790.,-410.,170.)) ;
#200=CARTESIAN_POINT('Line Origine',(-820.,-410.,170.)) ;
#212=CARTESIAN_POINT('Axis2P3D Location',(60.,-410.,250.)) ;
#217=CARTESIAN_POINT('Line Origine',(110.,-410.,250.)) ;
#221=CARTESIAN_POINT('Vertex',(110.,-960.,250.)) ;
#223=CARTESIAN_POINT('Vertex',(110.,140.,250.)) ;
#226=CARTESIAN_POINT('Axis2P3D Location',(60.,140.,250.)) ;
#231=CARTESIAN_POINT('Axis2P3D Location',(60.,-960.,250.)) ;
#243=CARTESIAN_POINT('Axis2P3D Location',(160.,-960.,250.)) ;
#249=CARTESIAN_POINT('Control Point',(160.,-1010.,250.)) ;
#250=CARTESIAN_POINT('Control Point',(159.588223301,-1010.,249.794111661)) ;
#251=CARTESIAN_POINT('Control Point',(159.176446601,-1009.99682075,249.588223321)) ;
#252=CARTESIAN_POINT('Control Point',(158.767542436,-1009.99051487,249.383733506)) ;
#253=CARTESIAN_POINT('Control Point',(156.359308531,-1009.93483561,248.178949262)) ;
#254=CARTESIAN_POINT('Control Point',(153.954128348,-1009.7705557,246.97178003)) ;
#255=CARTESIAN_POINT('Control Point',(151.965548453,-1009.56013504,245.966664172)) ;
#256=CARTESIAN_POINT('Control Point',(147.597596291,-1008.93529092,243.733766498)) ;
#257=CARTESIAN_POINT('Control Point',(143.285329665,-1007.96828766,241.453819463)) ;
#258=CARTESIAN_POINT('Control Point',(140.949069347,-1007.34171314,240.188542036)) ;
#259=CARTESIAN_POINT('Control Point',(135.219875167,-1005.56254837,236.99394746)) ;
#260=CARTESIAN_POINT('Control Point',(129.647111825,-1003.27959841,233.627419485)) ;
#261=CARTESIAN_POINT('Control Point',(126.38097596,-1001.76817891,231.544496081)) ;
#262=CARTESIAN_POINT('Control Point',(120.610075837,-998.869626262,227.653359579)) ;
#263=CARTESIAN_POINT('Control Point',(114.875002323,-995.808469907,223.506936258)) ;
#264=CARTESIAN_POINT('Control Point',(112.331494534,-994.451357407,221.62951459)) ;
#265=CARTESIAN_POINT('Control Point',(107.382254055,-991.899723991,217.970493983)) ;
#266=CARTESIAN_POINT('Control Point',(102.222715289,-989.541989803,214.327876537)) ;
#267=CARTESIAN_POINT('Control Point',(99.6862734226,-988.476790747,212.612539283)) ;
#268=CARTESIAN_POINT('Control Point',(94.0257208335,-986.335251532,209.040960409)) ;
#269=CARTESIAN_POINT('Control Point',(87.9899114273,-984.559315784,205.933254867)) ;
#270=CARTESIAN_POINT('Control Point',(84.6318053056,-983.713572227,204.449329069)) ;
#271=CARTESIAN_POINT('Control Point',(78.1853322897,-982.317635459,202.11285777)) ;
#272=CARTESIAN_POINT('Control Point',(71.4871636078,-981.220032384,200.680089879)) ;
#273=CARTESIAN_POINT('Control Point',(68.3415526102,-980.767040364,200.228289927)) ;
#274=CARTESIAN_POINT('Control Point',(65.1785823489,-980.362544738,200.000000641)) ;
#275=CARTESIAN_POINT('Control Point',(62.0204141878,-979.999966037,200.)) ;
#276=CARTESIAN_POINT('Vertex',(160.,-1010.,250.)) ;
#279=CARTESIAN_POINT('Axis2P3D Location',(160.,-960.,250.)) ;
#292=CARTESIAN_POINT('Control Point',(160.,-1010.,250.)) ;
#293=CARTESIAN_POINT('Control Point',(160.,-1010.,250.)) ;
#294=CARTESIAN_POINT('Control Point',(160.,-1010.,250.)) ;
#295=CARTESIAN_POINT('Control Point',(160.,-1010.,250.)) ;
#296=CARTESIAN_POINT('Control Point',(160.,-1010.,250.)) ;
#297=CARTESIAN_POINT('Control Point',(160.,-1010.,250.)) ;
#298=CARTESIAN_POINT('Control Point',(160.,-1010.,250.)) ;
#299=CARTESIAN_POINT('Control Point',(160.,-1010.,250.)) ;
#300=CARTESIAN_POINT('Control Point',(160.,-1010.,250.)) ;
#301=CARTESIAN_POINT('Control Point',(159.835286595,-1010.,249.670573222)) ;
#302=CARTESIAN_POINT('Control Point',(159.810580266,-1010.,249.682927066)) ;
#303=CARTESIAN_POINT('Control Point',(159.785873936,-1010.,249.69528091)) ;
#304=CARTESIAN_POINT('Control Point',(159.761167607,-1010.,249.707634754)) ;
#305=CARTESIAN_POINT('Control Point',(159.711754948,-1010.,249.732342441)) ;
#306=CARTESIAN_POINT('Control Point',(159.662342289,-1010.,249.757050129)) ;
#307=CARTESIAN_POINT('Control Point',(159.63763596,-1010.,249.769403973)) ;
#308=CARTESIAN_POINT('Control Point',(159.61292963,-1010.,249.781757817)) ;
#309=CARTESIAN_POINT('Control Point',(159.588223301,-1010.,249.794111661)) ;
#310=CARTESIAN_POINT('Control Point',(159.670426453,-1010.,249.340983919)) ;
#311=CARTESIAN_POINT('Control Point',(159.621028688,-1009.99995671,249.365696454)) ;
#312=CARTESIAN_POINT('Control Point',(159.571630923,-1009.9998449,249.390408989)) ;
#313=CARTESIAN_POINT('Control Point',(159.522233144,-1009.99966458,249.415121531)) ;
#314=CARTESIAN_POINT('Control Point',(159.423437527,-1009.99916691,249.464546645)) ;
#315=CARTESIAN_POINT('Control Point',(159.324641734,-1009.99839518,249.513971847)) ;
#316=CARTESIAN_POINT('Control Point',(159.275243779,-1009.9979408,249.538684477)) ;
#317=CARTESIAN_POINT('Control Point',(159.225845751,-1009.99741791,249.563397143)) ;
#318=CARTESIAN_POINT('Control Point',(159.176447635,-1009.99682651,249.588109854)) ;
#319=CARTESIAN_POINT('Control Point',(159.506964109,-1010.,249.013971394)) ;
#320=CARTESIAN_POINT('Control Point',(159.433017678,-1010.00000063,249.050949721)) ;
#321=CARTESIAN_POINT('Control Point',(159.359071246,-1009.99976397,249.087928048)) ;
#322=CARTESIAN_POINT('Control Point',(159.285125346,-1009.99929002,249.124906109)) ;
#323=CARTESIAN_POINT('Control Point',(159.137235674,-1009.99786757,249.198861167)) ;
#324=CARTESIAN_POINT('Control Point',(158.989352381,-1009.99549597,249.272813036)) ;
#325=CARTESIAN_POINT('Control Point',(158.915412861,-1009.99407289,249.309787907)) ;
#326=CARTESIAN_POINT('Control Point',(158.841475999,-1009.99241252,249.346761448)) ;
#327=CARTESIAN_POINT('Control Point',(158.767542326,-1009.99051487,249.383733395)) ;
#328=CARTESIAN_POINT('Control Point',(158.542762108,-1010.,247.086329563)) ;
#329=CARTESIAN_POINT('Control Point',(158.324335956,-1009.99999696,247.195632009)) ;
#330=CARTESIAN_POINT('Control Point',(158.105909805,-1009.99836542,247.304934456)) ;
#331=CARTESIAN_POINT('Control Point',(157.887493758,-1009.99510536,247.414231849)) ;
#332=CARTESIAN_POINT('Control Point',(157.450702089,-1009.98532838,247.632806425)) ;
#333=CARTESIAN_POINT('Control Point',(157.014031691,-1009.96903832,247.851320367)) ;
#334=CARTESIAN_POINT('Control Point',(156.795736917,-1009.95926518,247.960557126)) ;
#335=CARTESIAN_POINT('Control Point',(156.577492673,-1009.94786418,248.069768622)) ;
#336=CARTESIAN_POINT('Control Point',(156.359309068,-1009.93483564,248.178949801)) ;
#337=CARTESIAN_POINT('Control Point',(157.574370472,-1010.,245.154795941)) ;
#338=CARTESIAN_POINT('Control Point',(157.211743789,-1010.00001472,245.33679579)) ;
#339=CARTESIAN_POINT('Control Point',(156.849117107,-1009.99428645,245.518795638)) ;
#340=CARTESIAN_POINT('Control Point',(156.486565721,-1009.98281518,245.700757765)) ;
#341=CARTESIAN_POINT('Control Point',(155.761764137,-1009.94838987,246.064531128)) ;
#342=CARTESIAN_POINT('Control Point',(155.03786591,-1009.89101179,246.427851921)) ;
#343=CARTESIAN_POINT('Control Point',(154.676217881,-1009.85658776,246.609361476)) ;
#344=CARTESIAN_POINT('Control Point',(154.31494613,-1009.81643355,246.790682517)) ;
#345=CARTESIAN_POINT('Control Point',(153.954125746,-1009.77055555,246.971777416)) ;
#346=CARTESIAN_POINT('Control Point',(156.764057905,-1010.,243.546693755)) ;
#347=CARTESIAN_POINT('Control Point',(156.282364641,-1010.00000003,243.78961607)) ;
#348=CARTESIAN_POINT('Control Point',(155.800671376,-1009.98898941,244.032538386)) ;
#349=CARTESIAN_POINT('Control Point',(155.319208182,-1009.96696813,244.275345225)) ;
#350=CARTESIAN_POINT('Control Point',(154.357202073,-1009.90091834,244.760497002)) ;
#351=CARTESIAN_POINT('Control Point',(153.397955651,-1009.79091023,245.244263662)) ;
#352=CARTESIAN_POINT('Control Point',(152.919252144,-1009.72493063,245.485685384)) ;
#353=CARTESIAN_POINT('Control Point',(152.441697836,-1009.64799655,245.72653032)) ;
#354=CARTESIAN_POINT('Control Point',(151.965521656,-1009.56013595,245.966683583)) ;
#355=CARTESIAN_POINT('Control Point',(154.949319566,-1010.,239.97410639)) ;
#356=CARTESIAN_POINT('Control Point',(154.206731795,-1009.99999977,240.353822033)) ;
#357=CARTESIAN_POINT('Control Point',(153.464144024,-1009.97327686,240.733537677)) ;
#358=CARTESIAN_POINT('Control Point',(152.722483735,-1009.91983127,241.112784574)) ;
#359=CARTESIAN_POINT('Control Point',(151.242873091,-1009.75959973,241.869403383)) ;
#360=CARTESIAN_POINT('Control Point',(149.774378495,-1009.49310754,242.620403898)) ;
#361=CARTESIAN_POINT('Control Point',(149.043834252,-1009.3334013,242.994032502)) ;
#362=CARTESIAN_POINT('Control Point',(148.31791367,-1009.14739244,243.36532404)) ;
#363=CARTESIAN_POINT('Control Point',(147.597530407,-1008.93529106,243.733816464)) ;
#364=CARTESIAN_POINT('Control Point',(153.049258806,-1010.,236.326170916)) ;
#365=CARTESIAN_POINT('Control Point',(152.051562542,-1009.99999954,236.850066918)) ;
#366=CARTESIAN_POINT('Control Point',(151.053866277,-1009.948689,237.37396292)) ;
#367=CARTESIAN_POINT('Control Point',(150.058847789,-1009.84606822,237.896459964)) ;
#368=CARTESIAN_POINT('Control Point',(148.079521858,-1009.53872665,238.935858248)) ;
#369=CARTESIAN_POINT('Control Point',(146.132174616,-1009.02925332,239.958549455)) ;
#370=CARTESIAN_POINT('Control Point',(145.169134867,-1008.72450044,240.464339397)) ;
#371=CARTESIAN_POINT('Control Point',(144.219329534,-1008.37050488,240.963214891)) ;
#372=CARTESIAN_POINT('Control Point',(143.285282958,-1007.96828637,241.453856796)) ;
#373=CARTESIAN_POINT('Control Point',(151.975618188,-1010.,234.301667284)) ;
#374=CARTESIAN_POINT('Control Point',(150.840847534,-1009.99999931,234.907374086)) ;
#375=CARTESIAN_POINT('Control Point',(149.706076875,-1009.93264067,235.51308089)) ;
#376=CARTESIAN_POINT('Control Point',(148.575351364,-1009.79792367,236.116644069)) ;
#377=CARTESIAN_POINT('Control Point',(146.330080746,-1009.39468109,237.315196016)) ;
#378=CARTESIAN_POINT('Control Point',(144.133044529,-1008.72742263,238.488186861)) ;
#379=CARTESIAN_POINT('Control Point',(143.050553557,-1008.32868895,239.066188866)) ;
#380=CARTESIAN_POINT('Control Point',(141.987981433,-1007.86619658,239.633634911)) ;
#381=CARTESIAN_POINT('Control Point',(140.949069347,-1007.34171314,240.188542036)) ;
#382=CARTESIAN_POINT('Control Point',(149.201758829,-1010.,229.190315897)) ;
#383=CARTESIAN_POINT('Control Point',(147.735154856,-1010.00000101,230.008229434)) ;
#384=CARTESIAN_POINT('Control Point',(146.268550862,-1009.88659727,230.826142983)) ;
#385=CARTESIAN_POINT('Control Point',(144.810604037,-1009.65978712,231.63930626)) ;
#386=CARTESIAN_POINT('Control Point',(141.92933828,-1008.98185186,233.24663214)) ;
#387=CARTESIAN_POINT('Control Point',(139.15090378,-1007.86514895,234.797520853)) ;
#388=CARTESIAN_POINT('Control Point',(137.795788807,-1007.19956793,235.554246654)) ;
#389=CARTESIAN_POINT('Control Point',(136.482906935,-1006.43043615,236.287786126)) ;
#390=CARTESIAN_POINT('Control Point',(135.219875167,-1005.56254837,236.99394746)) ;
#391=CARTESIAN_POINT('Control Point',(146.066953804,-1010.,223.803871233)) ;
#392=CARTESIAN_POINT('Control Point',(144.295117738,-1009.9999985,224.862921427)) ;
#393=CARTESIAN_POINT('Control Point',(142.523281528,-1009.82580053,225.921971704)) ;
#394=CARTESIAN_POINT('Control Point',(140.768021849,-1009.4773984,226.97123317)) ;
#395=CARTESIAN_POINT('Control Point',(137.323803156,-1008.4385114,229.030604015)) ;
#396=CARTESIAN_POINT('Control Point',(134.075034364,-1006.7401553,230.974538435)) ;
#397=CARTESIAN_POINT('Control Point',(132.515228683,-1005.73226947,231.908361106)) ;
#398=CARTESIAN_POINT('Control Point',(131.034851425,-1004.57484484,232.795260798)) ;
#399=CARTESIAN_POINT('Control Point',(129.647111825,-1003.27959841,233.627419485)) ;
#400=CARTESIAN_POINT('Control Point',(144.026274415,-1010.,220.471193882)) ;
#401=CARTESIAN_POINT('Control Point',(142.085455657,-1009.99999679,221.687150325)) ;
#402=CARTESIAN_POINT('Control Point',(140.144636611,-1009.78471067,222.903106945)) ;
#403=CARTESIAN_POINT('Control Point',(138.226435238,-1009.35412722,224.105132112)) ;
#404=CARTESIAN_POINT('Control Point',(134.48049219,-1008.07211416,226.453463383)) ;
#405=CARTESIAN_POINT('Control Point',(131.000109471,-1005.98626532,228.638171121)) ;
#406=CARTESIAN_POINT('Control Point',(129.347476633,-1004.75181904,229.676567738)) ;
#407=CARTESIAN_POINT('Control Point',(127.802109105,-1003.33987385,230.648843376)) ;
#408=CARTESIAN_POINT('Control Point',(126.38097596,-1001.76817891,231.544496081)) ;
#409=CARTESIAN_POINT('Control Point',(139.958394957,-1010.,214.245375206)) ;
#410=CARTESIAN_POINT('Control Point',(137.748007593,-1010.00000254,215.772138838)) ;
#411=CARTESIAN_POINT('Control Point',(135.537619323,-1009.70371237,217.29890303)) ;
#412=CARTESIAN_POINT('Control Point',(133.362964534,-1009.11109076,218.801580756)) ;
#413=CARTESIAN_POINT('Control Point',(129.156554241,-1007.35191262,221.710611693)) ;
#414=CARTESIAN_POINT('Control Point',(125.365941879,-1004.51673606,224.339083232)) ;
#415=CARTESIAN_POINT('Control Point',(123.607110603,-1002.84804534,225.561185711)) ;
#416=CARTESIAN_POINT('Control Point',(122.01403335,-1000.95473891,226.671278323)) ;
#417=CARTESIAN_POINT('Control Point',(120.610075837,-998.869626262,227.653359579)) ;
#418=CARTESIAN_POINT('Control Point',(134.926709137,-1010.,207.611098108)) ;
#419=CARTESIAN_POINT('Control Point',(132.532656737,-1009.99999799,209.505901818)) ;
#420=CARTESIAN_POINT('Control Point',(130.138601702,-1009.61366173,211.400707566)) ;
#421=CARTESIAN_POINT('Control Point',(127.795685486,-1008.84089338,213.255392216)) ;
#422=CARTESIAN_POINT('Control Point',(123.314306582,-1006.55579543,216.804355772)) ;
#423=CARTESIAN_POINT('Control Point',(119.420979747,-1002.91708427,219.891805632)) ;
#424=CARTESIAN_POINT('Control Point',(117.666188287,-1000.79053335,221.284920376)) ;
#425=CARTESIAN_POINT('Control Point',(116.141743366,-998.402664483,222.497163351)) ;
#426=CARTESIAN_POINT('Control Point',(114.875002323,-995.808469907,223.506936258)) ;
#427=CARTESIAN_POINT('Control Point',(132.481004545,-1010.,204.607223518)) ;
#428=CARTESIAN_POINT('Control Point',(130.026520264,-1010.00000114,206.676404509)) ;
#429=CARTESIAN_POINT('Control Point',(127.572032301,-1009.57275416,208.745588506)) ;
#430=CARTESIAN_POINT('Control Point',(125.17567027,-1008.71812621,210.766275007)) ;
#431=CARTESIAN_POINT('Control Point',(120.615307436,-1006.19502246,214.613774327)) ;
#432=CARTESIAN_POINT('Control Point',(116.720155883,-1002.19742489,217.905962081)) ;
#433=CARTESIAN_POINT('Control Point',(114.989106086,-999.868076869,219.371254552)) ;
#434=CARTESIAN_POINT('Control Point',(113.516759042,-997.264013068,220.620413523)) ;
#435=CARTESIAN_POINT('Control Point',(112.331494534,-994.451357407,221.62951459)) ;
#436=CARTESIAN_POINT('Control Point',(127.286156711,-1010.,198.752790213)) ;
#437=CARTESIAN_POINT('Control Point',(124.765328726,-1009.99999895,201.178068602)) ;
#438=CARTESIAN_POINT('Control Point',(122.24449441,-1009.49380868,203.603352797)) ;
#439=CARTESIAN_POINT('Control Point',(119.794559614,-1008.48120895,205.961407238)) ;
#440=CARTESIAN_POINT('Control Point',(115.178041743,-1005.50082039,210.408822966)) ;
#441=CARTESIAN_POINT('Control Point',(111.365585963,-1000.82322578,214.093113767)) ;
#442=CARTESIAN_POINT('Control Point',(109.719884822,-998.113056325,215.687885647)) ;
#443=CARTESIAN_POINT('Control Point',(108.382594595,-995.108758221,216.989549192)) ;
#444=CARTESIAN_POINT('Control Point',(107.382254055,-991.899723991,217.970493983)) ;
#445=CARTESIAN_POINT('Control Point',(121.058536352,-1010.,192.924602606)) ;
#446=CARTESIAN_POINT('Control Point',(118.580302738,-1010.00000096,195.734611308)) ;
#447=CARTESIAN_POINT('Control Point',(116.10205936,-1009.41732399,198.544630855)) ;
#448=CARTESIAN_POINT('Control Point',(113.704175323,-1008.25162443,201.264201313)) ;
#449=CARTESIAN_POINT('Control Point',(109.229462196,-1004.83157809,206.341970479)) ;
#450=CARTESIAN_POINT('Control Point',(105.657576188,-999.516665193,210.403079296)) ;
#451=CARTESIAN_POINT('Control Point',(104.162780325,-996.455551088,212.105699326)) ;
#452=CARTESIAN_POINT('Control Point',(103.009299192,-993.092445002,213.423689022)) ;
#453=CARTESIAN_POINT('Control Point',(102.222715289,-989.541989803,214.327876537)) ;
#454=CARTESIAN_POINT('Control Point',(117.823492279,-1010.,190.179756945)) ;
#455=CARTESIAN_POINT('Control Point',(115.393551296,-1010.00000126,193.178113652)) ;
#456=CARTESIAN_POINT('Control Point',(112.963598801,-1009.38194029,196.17648422)) ;
#457=CARTESIAN_POINT('Control Point',(110.617341625,-1008.14540463,199.07236868)) ;
#458=CARTESIAN_POINT('Control Point',(106.259156551,-1004.52275289,204.454737259)) ;
#459=CARTESIAN_POINT('Control Point',(102.837233547,-998.91790004,208.689971876)) ;
#460=CARTESIAN_POINT('Control Point',(101.42754444,-995.698517607,210.438353555)) ;
#461=CARTESIAN_POINT('Control Point',(100.369436177,-992.175947012,211.755576453)) ;
#462=CARTESIAN_POINT('Control Point',(99.6864132949,-988.477030876,212.612348018)) ;
#463=CARTESIAN_POINT('Control Point',(106.760865166,-1010.,181.806170879)) ;
#464=CARTESIAN_POINT('Control Point',(104.576901283,-1009.99999726,185.400475068)) ;
#465=CARTESIAN_POINT('Control Point',(102.392920754,-1009.27541714,188.994804643)) ;
#466=CARTESIAN_POINT('Control Point',(100.298083535,-1007.82561342,192.446586624)) ;
#467=CARTESIAN_POINT('Control Point',(96.4643244629,-1003.59514186,198.780962565)) ;
#468=CARTESIAN_POINT('Control Point',(93.6154654212,-997.130271764,203.537072511)) ;
#469=CARTESIAN_POINT('Control Point',(92.5059644346,-993.445096182,205.409921739)) ;
#470=CARTESIAN_POINT('Control Point',(91.7590884158,-989.459400081,206.699705587)) ;
#471=CARTESIAN_POINT('Control Point',(91.390510809,-985.337874133,207.378856956)) ;
#472=CARTESIAN_POINT('Control Point',(93.3399242352,-1010.,175.023485929)) ;
#473=CARTESIAN_POINT('Control Point',(91.6875028603,-1010.00000596,179.163647486)) ;
#474=CARTESIAN_POINT('Control Point',(90.0350628776,-1009.18975347,183.30385116)) ;
#475=CARTESIAN_POINT('Control Point',(88.4591161118,-1007.56832395,187.259127686)) ;
#476=CARTESIAN_POINT('Control Point',(85.6124548916,-1002.85443562,194.431645663)) ;
#477=CARTESIAN_POINT('Control Point',(83.6007974205,-995.731251338,199.578797865)) ;
#478=CARTESIAN_POINT('Control Point',(82.8603343872,-991.699199139,201.507618278)) ;
#479=CARTESIAN_POINT('Control Point',(82.4213701161,-987.384994185,202.701163047)) ;
#480=CARTESIAN_POINT('Control Point',(82.2900959004,-982.986320985,203.139678365)) ;
#481=CARTESIAN_POINT('Control Point',(83.2313120625,-1010.,171.694914349)) ;
#482=CARTESIAN_POINT('Control Point',(82.0668371148,-1010.00000087,176.135834668)) ;
#483=CARTESIAN_POINT('Control Point',(80.9023460308,-1009.14335452,180.576809867)) ;
#484=CARTESIAN_POINT('Control Point',(79.7952174364,-1007.42896456,184.806821935)) ;
#485=CARTESIAN_POINT('Control Point',(77.809764919,-1002.45493533,192.42518277)) ;
#486=CARTESIAN_POINT('Control Point',(76.446089831,-994.984717391,197.747737078)) ;
#487=CARTESIAN_POINT('Control Point',(75.9611502981,-990.772593916,199.680534645)) ;
#488=CARTESIAN_POINT('Control Point',(75.6981490977,-986.292570242,200.788508112)) ;
#489=CARTESIAN_POINT('Control Point',(75.6587686498,-981.76041281,201.059321568)) ;
#490=CARTESIAN_POINT('Control Point',(72.6582762008,-1010.,170.000014718)) ;
#491=CARTESIAN_POINT('Control Point',(72.0567197975,-1009.9999974,174.6342361)) ;
#492=CARTESIAN_POINT('Control Point',(71.4551538637,-1009.10560282,179.268523539)) ;
#493=CARTESIAN_POINT('Control Point',(70.8845516247,-1007.31556302,183.672344235)) ;
#494=CARTESIAN_POINT('Control Point',(69.8668197077,-1002.13050476,191.560761873)) ;
#495=CARTESIAN_POINT('Control Point',(69.1830935993,-994.381638313,196.953544516)) ;
#496=CARTESIAN_POINT('Control Point',(68.946738666,-990.026058248,198.860047423)) ;
#497=CARTESIAN_POINT('Control Point',(68.8286501082,-985.41587248,199.877225171)) ;
#498=CARTESIAN_POINT('Control Point',(68.8286504071,-980.781650091,200.000009157)) ;
#499=CARTESIAN_POINT('Control Point',(62.0204102887,-1010.,170.000004382)) ;
#500=CARTESIAN_POINT('Control Point',(62.0204105714,-1009.99999929,174.712394557)) ;
#501=CARTESIAN_POINT('Control Point',(62.020410854,-1009.07493021,179.42485939)) ;
#502=CARTESIAN_POINT('Control Point',(62.0204111222,-1007.22340232,183.894765075)) ;
#503=CARTESIAN_POINT('Control Point',(62.0204116005,-1001.86731694,191.867334021)) ;
#504=CARTESIAN_POINT('Control Point',(62.0204119218,-993.894744143,197.223414038)) ;
#505=CARTESIAN_POINT('Control Point',(62.0204120328,-989.424837034,199.074938988)) ;
#506=CARTESIAN_POINT('Control Point',(62.0204120883,-984.712371352,200.000005012)) ;
#507=CARTESIAN_POINT('Control Point',(62.0204120883,-979.999980918,200.000002728)) ;
#509=CARTESIAN_POINT('Control Point',(160.,-1010.,250.)) ;
#510=CARTESIAN_POINT('Control Point',(159.998588576,-1010.,249.997177152)) ;
#511=CARTESIAN_POINT('Control Point',(159.997177152,-1010.,249.994354305)) ;
#512=CARTESIAN_POINT('Control Point',(159.99576581,-1010.,249.991531556)) ;
#513=CARTESIAN_POINT('Control Point',(159.831051689,-1010.,249.662106614)) ;
#514=CARTESIAN_POINT('Control Point',(159.66621961,-1010.,249.332568299)) ;
#515=CARTESIAN_POINT('Control Point',(159.504140371,-1010.,249.008326081)) ;
#516=CARTESIAN_POINT('Control Point',(157.577123231,-1010.,245.155829084)) ;
#517=CARTESIAN_POINT('Control Point',(155.633528935,-1010.,241.288090567)) ;
#518=CARTESIAN_POINT('Control Point',(153.790737522,-1010.,237.68999086)) ;
#519=CARTESIAN_POINT('Control Point',(150.250229246,-1010.,230.991872242)) ;
#520=CARTESIAN_POINT('Control Point',(146.066953804,-1010.,223.803871233)) ;
#521=CARTESIAN_POINT('Control Point',(144.026274415,-1010.,220.471193882)) ;
#522=CARTESIAN_POINT('Control Point',(139.958394957,-1010.,214.245375206)) ;
#523=CARTESIAN_POINT('Control Point',(134.926709137,-1010.,207.611098108)) ;
#524=CARTESIAN_POINT('Control Point',(132.481004545,-1010.,204.607223518)) ;
#525=CARTESIAN_POINT('Control Point',(127.286156711,-1010.,198.752790213)) ;
#526=CARTESIAN_POINT('Control Point',(121.058536352,-1010.,192.924602606)) ;
#527=CARTESIAN_POINT('Control Point',(117.823526723,-1010.,190.180063018)) ;
#528=CARTESIAN_POINT('Control Point',(110.274673513,-1010.,184.465536463)) ;
#529=CARTESIAN_POINT('Control Point',(101.627890412,-1010.,179.493208011)) ;
#530=CARTESIAN_POINT('Control Point',(96.6872527483,-1010.,177.118926647)) ;
#531=CARTESIAN_POINT('Control Point',(87.0263329052,-1010.,173.380569845)) ;
#532=CARTESIAN_POINT('Control Point',(76.7428274971,-1010.,171.088140881)) ;
#533=CARTESIAN_POINT('Control Point',(71.8763148584,-1010.,170.365279982)) ;
#534=CARTESIAN_POINT('Control Point',(66.9550904526,-1010.,170.000009177)) ;
#535=CARTESIAN_POINT('Control Point',(62.0204102887,-1010.,170.000004382)) ;
#543=CARTESIAN_POINT('Axis2P3D Location',(160.,140.,250.)) ;
#549=CARTESIAN_POINT('Control Point',(62.0204111239,159.999992726,200.)) ;
#550=CARTESIAN_POINT('Control Point',(66.7495952668,160.543009662,200.000000206)) ;
#551=CARTESIAN_POINT('Control Point',(71.4892664305,161.180009245,200.51189826)) ;
#552=CARTESIAN_POINT('Control Point',(76.1652881867,161.931676275,201.519649259)) ;
#553=CARTESIAN_POINT('Control Point',(83.4538268277,163.373189595,203.857938822)) ;
#554=CARTESIAN_POINT('Control Point',(90.3185784856,165.245750702,207.125900822)) ;
#555=CARTESIAN_POINT('Control Point',(92.8358397259,166.016182351,208.468764882)) ;
#556=CARTESIAN_POINT('Control Point',(97.9989978211,167.782590759,211.484590478)) ;
#557=CARTESIAN_POINT('Control Point',(102.878663133,169.824840009,214.772950733)) ;
#558=CARTESIAN_POINT('Control Point',(105.372120363,170.967926937,216.541472691)) ;
#559=CARTESIAN_POINT('Control Point',(109.815281991,173.143906136,219.77371826)) ;
#560=CARTESIAN_POINT('Control Point',(114.141307547,175.416685761,222.958822027)) ;
#561=CARTESIAN_POINT('Control Point',(116.078341801,176.448766194,224.373850747)) ;
#562=CARTESIAN_POINT('Control Point',(121.215305777,179.173615571,228.061446825)) ;
#563=CARTESIAN_POINT('Control Point',(126.380975244,181.768178223,231.54449603)) ;
#564=CARTESIAN_POINT('Control Point',(129.647112225,183.279598461,233.627420161)) ;
#565=CARTESIAN_POINT('Control Point',(135.219875588,185.562548589,236.993947408)) ;
#566=CARTESIAN_POINT('Control Point',(140.949069335,187.341713072,240.188542225)) ;
#567=CARTESIAN_POINT('Control Point',(143.285329564,187.968287564,241.453819777)) ;
#568=CARTESIAN_POINT('Control Point',(147.597596088,188.935290824,243.733766858)) ;
#569=CARTESIAN_POINT('Control Point',(151.965548292,189.560135002,245.966664349)) ;
#570=CARTESIAN_POINT('Control Point',(153.954128245,189.77055569,246.971780096)) ;
#571=CARTESIAN_POINT('Control Point',(156.359308514,189.934835611,248.178949229)) ;
#572=CARTESIAN_POINT('Control Point',(158.767542439,189.990514871,249.383733512)) ;
#573=CARTESIAN_POINT('Control Point',(159.1764466,189.996820749,249.58822329)) ;
#574=CARTESIAN_POINT('Control Point',(159.5882233,190.,249.794111645)) ;
#575=CARTESIAN_POINT('Control Point',(160.,190.,250.)) ;
#576=CARTESIAN_POINT('Vertex',(160.,190.,250.)) ;
#579=CARTESIAN_POINT('Axis2P3D Location',(160.,140.,250.)) ;
#592=CARTESIAN_POINT('Control Point',(62.0204102887,190.,170.000000104)) ;
#593=CARTESIAN_POINT('Control Point',(62.0204110545,189.999999648,174.712389524)) ;
#594=CARTESIAN_POINT('Control Point',(62.0204118203,189.074931334,179.424853604)) ;
#595=CARTESIAN_POINT('Control Point',(62.0204125467,187.223404576,183.894758678)) ;
#596=CARTESIAN_POINT('Control Point',(62.0204138424,181.867322014,191.867326969)) ;
#597=CARTESIAN_POINT('Control Point',(62.0204147128,173.894752523,197.22340775)) ;
#598=CARTESIAN_POINT('Control Point',(62.0204150137,169.424847032,199.07493351)) ;
#599=CARTESIAN_POINT('Control Point',(62.020415164,164.712382742,200.000000774)) ;
#600=CARTESIAN_POINT('Control Point',(62.020415164,159.999993317,200.000000076)) ;
#601=CARTESIAN_POINT('Control Point',(69.4097338738,190.,169.999999181)) ;
#602=CARTESIAN_POINT('Control Point',(68.9918768009,190.000000269,174.658087669)) ;
#603=CARTESIAN_POINT('Control Point',(68.5740131078,189.096242497,179.31624484)) ;
#604=CARTESIAN_POINT('Control Point',(68.1776576118,187.287431435,183.740243196)) ;
#605=CARTESIAN_POINT('Control Point',(67.4707139094,182.050159358,191.654355017)) ;
#606=CARTESIAN_POINT('Control Point',(66.9957794397,174.232993923,197.035932503)) ;
#607=CARTESIAN_POINT('Control Point',(66.8316009264,169.842508653,198.925649916)) ;
#608=CARTESIAN_POINT('Control Point',(66.7495733587,165.201095449,199.914704406)) ;
#609=CARTESIAN_POINT('Control Point',(66.7495734345,160.543006979,199.999999494)) ;
#610=CARTESIAN_POINT('Control Point',(76.7681765002,190.,170.818934883)) ;
#611=CARTESIAN_POINT('Control Point',(75.9510039017,190.000001008,175.367027726)) ;
#612=CARTESIAN_POINT('Control Point',(75.1338194887,189.120943169,179.915182023)) ;
#613=CARTESIAN_POINT('Control Point',(74.3574528026,187.361636195,184.241169383)) ;
#614=CARTESIAN_POINT('Control Point',(72.9675174398,182.262341843,192.006932799)) ;
#615=CARTESIAN_POINT('Control Point',(72.0193578786,174.626866952,197.362375734)) ;
#616=CARTESIAN_POINT('Control Point',(71.6850677304,170.32972293,199.276473225)) ;
#617=CARTESIAN_POINT('Control Point',(71.5080741034,165.772658865,200.328954171)) ;
#618=CARTESIAN_POINT('Control Point',(71.4891264885,161.180232842,200.511834221)) ;
#619=CARTESIAN_POINT('Control Point',(83.9592465537,190.,172.43140904)) ;
#620=CARTESIAN_POINT('Control Point',(82.7739369912,189.999998663,176.817029392)) ;
#621=CARTESIAN_POINT('Control Point',(81.5886121878,189.149628729,181.202703096)) ;
#622=CARTESIAN_POINT('Control Point',(80.4602942651,187.447814467,185.381426333)) ;
#623=CARTESIAN_POINT('Control Point',(78.4310774121,182.509174088,192.913199021)) ;
#624=CARTESIAN_POINT('Control Point',(77.021399617,175.087000287,198.191605513)) ;
#625=CARTESIAN_POINT('Control Point',(76.5130109603,170.900134401,200.115593484)) ;
#626=CARTESIAN_POINT('Control Point',(76.2267143762,166.443931834,201.229269978)) ;
#627=CARTESIAN_POINT('Control Point',(76.1652751669,161.931736862,201.519630843)) ;
#628=CARTESIAN_POINT('Control Point',(94.9976980164,190.,176.172717106)) ;
#629=CARTESIAN_POINT('Control Point',(93.2950737557,190.000000807,180.226191898)) ;
#630=CARTESIAN_POINT('Control Point',(91.5924318144,189.203527518,184.279706774)) ;
#631=CARTESIAN_POINT('Control Point',(89.9661572973,187.609699967,188.154550704)) ;
#632=CARTESIAN_POINT('Control Point',(87.0183749179,182.973866198,195.19114742)) ;
#633=CARTESIAN_POINT('Control Point',(84.9064560605,175.958281985,200.269129974)) ;
#634=CARTESIAN_POINT('Control Point',(84.1165020555,171.983429274,202.184321806)) ;
#635=CARTESIAN_POINT('Control Point',(83.6296882101,167.724246981,203.387408884)) ;
#636=CARTESIAN_POINT('Control Point',(83.45382988,163.373151889,203.857948075)) ;
#637=CARTESIAN_POINT('Control Point',(104.957587639,190.,181.401431291)) ;
#638=CARTESIAN_POINT('Control Point',(102.880856558,189.999999512,185.042877048)) ;
#639=CARTESIAN_POINT('Control Point',(100.804109175,189.270563287,188.684350887)) ;
#640=CARTESIAN_POINT('Control Point',(98.8118936513,187.811009805,192.178457752)) ;
#641=CARTESIAN_POINT('Control Point',(95.1649447333,183.554433765,198.578314757)) ;
#642=CARTESIAN_POINT('Control Point',(92.4510933165,177.060185519,203.350640048)) ;
#643=CARTESIAN_POINT('Control Point',(91.3924010538,173.361945158,205.216481328)) ;
#644=CARTESIAN_POINT('Control Point',(90.6767787978,169.368082474,206.483440314)) ;
#645=CARTESIAN_POINT('Control Point',(90.3185753687,165.245773129,207.125894627)) ;
#646=CARTESIAN_POINT('Control Point',(108.530522893,190.,183.550023672)) ;
#647=CARTESIAN_POINT('Control Point',(106.335420828,190.000001314,187.027925366)) ;
#648=CARTESIAN_POINT('Control Point',(104.140303436,189.297709367,190.505850938)) ;
#649=CARTESIAN_POINT('Control Point',(102.03115357,187.892516434,193.848361029)) ;
#650=CARTESIAN_POINT('Control Point',(98.1561184196,183.789893519,199.992662406)) ;
#651=CARTESIAN_POINT('Control Point',(95.2331750492,177.509103639,204.6365361)) ;
#652=CARTESIAN_POINT('Control Point',(94.0765190283,173.924827856,206.477991771)) ;
#653=CARTESIAN_POINT('Control Point',(93.2717725663,170.041488715,207.764451035)) ;
#654=CARTESIAN_POINT('Control Point',(92.8358397259,166.016182351,208.468764882)) ;
#655=CARTESIAN_POINT('Control Point',(115.652560416,190.,188.375344919)) ;
#656=CARTESIAN_POINT('Control Point',(113.258247959,189.999998544,191.498378535)) ;
#657=CARTESIAN_POINT('Control Point',(110.863922849,189.358775823,194.621428098)) ;
#658=CARTESIAN_POINT('Control Point',(108.555288763,188.075873901,197.633942789)) ;
#659=CARTESIAN_POINT('Control Point',(104.280287081,184.320693714,203.217459424)) ;
#660=CARTESIAN_POINT('Control Point',(100.961302803,178.526571462,207.566736309)) ;
#661=CARTESIAN_POINT('Control Point',(99.6090214376,175.204016533,209.344588157)) ;
#662=CARTESIAN_POINT('Control Point',(98.6142263151,171.577734122,210.660299574)) ;
#663=CARTESIAN_POINT('Control Point',(97.9989978211,167.782590759,211.484590478)) ;
#664=CARTESIAN_POINT('Control Point',(121.872683534,190.,193.636721002)) ;
#665=CARTESIAN_POINT('Control Point',(119.384842069,190.000001614,196.398773714)) ;
#666=CARTESIAN_POINT('Control Point',(116.896991253,189.42659241,199.160836547)) ;
#667=CARTESIAN_POINT('Control Point',(114.488564206,188.279444112,201.835436491)) ;
#668=CARTESIAN_POINT('Control Point',(109.989039171,184.912578056,206.835180764)) ;
#669=CARTESIAN_POINT('Control Point',(106.382755533,179.674340013,210.850712644)) ;
#670=CARTESIAN_POINT('Control Point',(104.8678203,176.655295536,212.540828989)) ;
#671=CARTESIAN_POINT('Control Point',(103.691119956,173.334948405,213.857934867)) ;
#672=CARTESIAN_POINT('Control Point',(102.878663133,169.824840009,214.772950733)) ;
#673=CARTESIAN_POINT('Control Point',(124.882911888,190.,196.46635617)) ;
#674=CARTESIAN_POINT('Control Point',(122.375016559,190.000000896,199.041592108)) ;
#675=CARTESIAN_POINT('Control Point',(119.867113575,189.463700511,201.616835742)) ;
#676=CARTESIAN_POINT('Control Point',(117.43397358,188.390831062,204.115890912)) ;
#677=CARTESIAN_POINT('Control Point',(112.86644675,185.237249809,208.809547706)) ;
#678=CARTESIAN_POINT('Control Point',(109.143519199,180.3080707,212.642124235)) ;
#679=CARTESIAN_POINT('Control Point',(107.555184651,177.459168928,214.279891784)) ;
#680=CARTESIAN_POINT('Control Point',(106.288891693,174.312700356,215.589111145)) ;
#681=CARTESIAN_POINT('Control Point',(105.372120363,170.967926937,216.541472691)) ;
#682=CARTESIAN_POINT('Control Point',(129.911119152,190.,201.637949327)) ;
#683=CARTESIAN_POINT('Control Point',(127.414943389,189.999999264,203.885150232)) ;
#684=CARTESIAN_POINT('Control Point',(124.918762694,189.532637658,206.132355431)) ;
#685=CARTESIAN_POINT('Control Point',(122.48728181,188.597741009,208.321942877)) ;
#686=CARTESIAN_POINT('Control Point',(117.882927847,185.84195932,212.470813383)) ;
#687=CARTESIAN_POINT('Control Point',(114.015602058,181.496811875,215.962950935)) ;
#688=CARTESIAN_POINT('Control Point',(112.321283707,178.972257687,217.495688335)) ;
#689=CARTESIAN_POINT('Control Point',(110.911596208,176.162074994,218.774580709)) ;
#690=CARTESIAN_POINT('Control Point',(109.815281991,173.143906136,219.77371826)) ;
#691=CARTESIAN_POINT('Control Point',(134.185430059,190.,206.734115153)) ;
#692=CARTESIAN_POINT('Control Point',(131.777438029,190.000000604,208.681087613)) ;
#693=CARTESIAN_POINT('Control Point',(129.369443016,189.601691252,210.628062442)) ;
#694=CARTESIAN_POINT('Control Point',(127.014630634,188.804962541,212.532289162)) ;
#695=CARTESIAN_POINT('Control Point',(122.517621101,186.450355828,216.169841703)) ;
#696=CARTESIAN_POINT('Control Point',(118.6310809,182.707599593,219.316565176)) ;
#697=CARTESIAN_POINT('Control Point',(116.886819888,180.522533429,220.729897657)) ;
#698=CARTESIAN_POINT('Control Point',(115.381051495,178.072755175,221.951398288)) ;
#699=CARTESIAN_POINT('Control Point',(114.141307547,175.416685761,222.958822027)) ;
#700=CARTESIAN_POINT('Control Point',(135.971516576,190.,208.99816114)) ;
#701=CARTESIAN_POINT('Control Point',(133.616930783,189.999999163,210.816397505)) ;
#702=CARTESIAN_POINT('Control Point',(131.262342703,189.632450862,212.634635609)) ;
#703=CARTESIAN_POINT('Control Point',(128.955687689,188.89726926,214.416051209)) ;
#704=CARTESIAN_POINT('Control Point',(124.53402177,186.72194703,217.831659485)) ;
#705=CARTESIAN_POINT('Control Point',(120.664523106,183.251182124,220.82300488)) ;
#706=CARTESIAN_POINT('Control Point',(118.910098483,181.220408562,222.180109534)) ;
#707=CARTESIAN_POINT('Control Point',(117.37254026,178.936130571,223.370533335)) ;
#708=CARTESIAN_POINT('Control Point',(116.078341801,176.448766194,224.373850747)) ;
#709=CARTESIAN_POINT('Control Point',(140.385018248,190.,214.898315011)) ;
#710=CARTESIAN_POINT('Control Point',(138.202906238,190.000001386,216.39248165)) ;
#711=CARTESIAN_POINT('Control Point',(136.020793386,189.712206565,217.886648808)) ;
#712=CARTESIAN_POINT('Control Point',(133.873037867,189.136579375,219.357794584)) ;
#713=CARTESIAN_POINT('Control Point',(129.714924002,187.427446081,222.208020432)) ;
#714=CARTESIAN_POINT('Control Point',(125.95684552,184.670857531,224.789951732)) ;
#715=CARTESIAN_POINT('Control Point',(124.20914914,183.047708973,225.99278824)) ;
#716=CARTESIAN_POINT('Control Point',(122.62107079,181.204885178,227.088428117)) ;
#717=CARTESIAN_POINT('Control Point',(121.215305777,179.173615571,228.061446825)) ;
#718=CARTESIAN_POINT('Control Point',(144.026274426,190.,220.471193497)) ;
#719=CARTESIAN_POINT('Control Point',(142.085448966,189.999997703,221.687151182)) ;
#720=CARTESIAN_POINT('Control Point',(140.144623217,189.784711645,222.903109043)) ;
#721=CARTESIAN_POINT('Control Point',(138.22641616,189.35412739,224.105135344)) ;
#722=CARTESIAN_POINT('Control Point',(134.480465806,188.07211162,226.453468432)) ;
#723=CARTESIAN_POINT('Control Point',(131.000086075,185.986260388,228.638176207)) ;
#724=CARTESIAN_POINT('Control Point',(129.347457854,184.751813601,229.676572188)) ;
#725=CARTESIAN_POINT('Control Point',(127.802098132,183.339869514,230.648846214)) ;
#726=CARTESIAN_POINT('Control Point',(126.380975244,181.768178223,231.54449603)) ;
#727=CARTESIAN_POINT('Control Point',(146.066954379,190.,223.8038722)) ;
#728=CARTESIAN_POINT('Control Point',(144.295118299,189.999998497,224.86292236)) ;
#729=CARTESIAN_POINT('Control Point',(142.523282075,189.825800531,225.921972603)) ;
#730=CARTESIAN_POINT('Control Point',(140.768022381,189.477398395,226.971234037)) ;
#731=CARTESIAN_POINT('Control Point',(137.323803657,188.438511406,229.030604818)) ;
#732=CARTESIAN_POINT('Control Point',(134.075034829,186.740155323,230.974539182)) ;
#733=CARTESIAN_POINT('Control Point',(132.515229128,185.732269504,231.908361826)) ;
#734=CARTESIAN_POINT('Control Point',(131.034851849,184.574844876,232.795261494)) ;
#735=CARTESIAN_POINT('Control Point',(129.647112225,183.279598461,233.627420161)) ;
#736=CARTESIAN_POINT('Control Point',(149.201758806,190.,229.190315891)) ;
#737=CARTESIAN_POINT('Control Point',(147.735154882,190.000001016,230.008229423)) ;
#738=CARTESIAN_POINT('Control Point',(146.268550937,189.88659728,230.826142965)) ;
#739=CARTESIAN_POINT('Control Point',(144.810604159,189.659787139,231.639306238)) ;
#740=CARTESIAN_POINT('Control Point',(141.929338497,188.981851916,233.246632107)) ;
#741=CARTESIAN_POINT('Control Point',(139.150904084,187.865149064,234.797520811)) ;
#742=CARTESIAN_POINT('Control Point',(137.795789153,187.199568069,235.554246608)) ;
#743=CARTESIAN_POINT('Control Point',(136.48290732,186.430436331,236.287786077)) ;
#744=CARTESIAN_POINT('Control Point',(135.219875588,185.562548589,236.993947408)) ;
#745=CARTESIAN_POINT('Control Point',(151.975618337,190.,234.301667534)) ;
#746=CARTESIAN_POINT('Control Point',(150.840847666,189.999999313,234.907374329)) ;
#747=CARTESIAN_POINT('Control Point',(149.706076991,189.932640664,235.513081127)) ;
#748=CARTESIAN_POINT('Control Point',(148.575351462,189.797923658,236.116644299)) ;
#749=CARTESIAN_POINT('Control Point',(146.330080811,189.394681074,237.315196233)) ;
#750=CARTESIAN_POINT('Control Point',(144.133044562,188.727422594,238.488187066)) ;
#751=CARTESIAN_POINT('Control Point',(143.050553575,188.328688913,239.066189066)) ;
#752=CARTESIAN_POINT('Control Point',(141.987981436,187.866196528,239.633635105)) ;
#753=CARTESIAN_POINT('Control Point',(140.949069335,187.341713072,240.188542225)) ;
#754=CARTESIAN_POINT('Control Point',(153.049259033,190.,236.326171329)) ;
#755=CARTESIAN_POINT('Control Point',(152.051562736,189.999999537,236.850067321)) ;
#756=CARTESIAN_POINT('Control Point',(151.053866437,189.948689,237.373963314)) ;
#757=CARTESIAN_POINT('Control Point',(150.058847916,189.846068217,237.896460347)) ;
#758=CARTESIAN_POINT('Control Point',(148.079521919,189.538726631,238.935858611)) ;
#759=CARTESIAN_POINT('Control Point',(146.132174614,189.029253273,239.958549798)) ;
#760=CARTESIAN_POINT('Control Point',(145.169134834,188.724500375,240.46433973)) ;
#761=CARTESIAN_POINT('Control Point',(144.219329472,188.370504802,240.963215213)) ;
#762=CARTESIAN_POINT('Control Point',(143.285282868,187.96828627,241.453857107)) ;
#763=CARTESIAN_POINT('Control Point',(154.949319802,190.,239.974106866)) ;
#764=CARTESIAN_POINT('Control Point',(154.206731987,189.999999772,240.353822498)) ;
#765=CARTESIAN_POINT('Control Point',(153.464144173,189.97327686,240.733538129)) ;
#766=CARTESIAN_POINT('Control Point',(152.722483841,189.919831266,241.112785015)) ;
#767=CARTESIAN_POINT('Control Point',(151.242873111,189.759599714,241.8694038)) ;
#768=CARTESIAN_POINT('Control Point',(149.774378431,189.493107498,242.620404291)) ;
#769=CARTESIAN_POINT('Control Point',(149.043834145,189.333401241,242.994032884)) ;
#770=CARTESIAN_POINT('Control Point',(148.317913522,189.147392369,243.365324409)) ;
#771=CARTESIAN_POINT('Control Point',(147.59753022,188.935290971,243.733816821)) ;
#772=CARTESIAN_POINT('Control Point',(156.764058007,190.,243.546693991)) ;
#773=CARTESIAN_POINT('Control Point',(156.282364717,190.000000031,243.7896163)) ;
#774=CARTESIAN_POINT('Control Point',(155.800671427,189.988989409,244.03253861)) ;
#775=CARTESIAN_POINT('Control Point',(155.319208207,189.966968132,244.275345443)) ;
#776=CARTESIAN_POINT('Control Point',(154.357202046,189.900918333,244.760497208)) ;
#777=CARTESIAN_POINT('Control Point',(153.397955573,189.790910214,245.244263856)) ;
#778=CARTESIAN_POINT('Control Point',(152.919252041,189.724930613,245.485685573)) ;
#779=CARTESIAN_POINT('Control Point',(152.441697707,189.64799652,245.726530502)) ;
#780=CARTESIAN_POINT('Control Point',(151.965521502,189.560135915,245.966683759)) ;
#781=CARTESIAN_POINT('Control Point',(157.574370584,190.,245.154795996)) ;
#782=CARTESIAN_POINT('Control Point',(157.21174388,190.000014724,245.336795833)) ;
#783=CARTESIAN_POINT('Control Point',(156.849117177,189.99428645,245.518795671)) ;
#784=CARTESIAN_POINT('Control Point',(156.48656577,189.982815182,245.700757786)) ;
#785=CARTESIAN_POINT('Control Point',(155.761764144,189.948389865,246.064531128)) ;
#786=CARTESIAN_POINT('Control Point',(155.037865875,189.891011787,246.427851899)) ;
#787=CARTESIAN_POINT('Control Point',(154.676217825,189.856587759,246.609361444)) ;
#788=CARTESIAN_POINT('Control Point',(154.314946054,189.816433542,246.790682473)) ;
#789=CARTESIAN_POINT('Control Point',(153.954125649,189.770555541,246.971777361)) ;
#790=CARTESIAN_POINT('Control Point',(158.54276207,190.,247.086329521)) ;
#791=CARTESIAN_POINT('Control Point',(158.32433592,189.999996964,247.195631971)) ;
#792=CARTESIAN_POINT('Control Point',(158.10590977,189.998365417,247.304934421)) ;
#793=CARTESIAN_POINT('Control Point',(157.887493726,189.995105357,247.414231818)) ;
#794=CARTESIAN_POINT('Control Point',(157.450702061,189.985328375,247.6328064)) ;
#795=CARTESIAN_POINT('Control Point',(157.014031667,189.969038317,247.851320348)) ;
#796=CARTESIAN_POINT('Control Point',(156.795736894,189.959265181,247.960557111)) ;
#797=CARTESIAN_POINT('Control Point',(156.577492652,189.947864181,248.06976861)) ;
#798=CARTESIAN_POINT('Control Point',(156.359309049,189.934835641,248.178949793)) ;
#799=CARTESIAN_POINT('Control Point',(159.506964117,190.,249.013971402)) ;
#800=CARTESIAN_POINT('Control Point',(159.433017685,190.000000626,249.050949728)) ;
#801=CARTESIAN_POINT('Control Point',(159.359071253,189.999763967,249.087928054)) ;
#802=CARTESIAN_POINT('Control Point',(159.285125353,189.999290023,249.124906115)) ;
#803=CARTESIAN_POINT('Control Point',(159.137235679,189.997867565,249.198861172)) ;
#804=CARTESIAN_POINT('Control Point',(158.989352385,189.995495968,249.272813039)) ;
#805=CARTESIAN_POINT('Control Point',(158.915412865,189.994072885,249.309787909)) ;
#806=CARTESIAN_POINT('Control Point',(158.841476002,189.992412517,249.34676145)) ;
#807=CARTESIAN_POINT('Control Point',(158.767542329,189.990514865,249.383733396)) ;
#808=CARTESIAN_POINT('Control Point',(159.670426437,190.,249.34098392)) ;
#809=CARTESIAN_POINT('Control Point',(159.621028673,189.999956707,249.365696457)) ;
#810=CARTESIAN_POINT('Control Point',(159.57163091,189.999844899,249.390408993)) ;
#811=CARTESIAN_POINT('Control Point',(159.522233131,189.999664578,249.415121537)) ;
#812=CARTESIAN_POINT('Control Point',(159.423437516,189.999166907,249.464546655)) ;
#813=CARTESIAN_POINT('Control Point',(159.324641726,189.99839518,249.51397186)) ;
#814=CARTESIAN_POINT('Control Point',(159.275243772,189.997940803,249.538684491)) ;
#815=CARTESIAN_POINT('Control Point',(159.225845745,189.997417911,249.56339716)) ;
#816=CARTESIAN_POINT('Control Point',(159.17644763,189.996826506,249.588109872)) ;
#817=CARTESIAN_POINT('Control Point',(159.835286604,190.,249.670573215)) ;
#818=CARTESIAN_POINT('Control Point',(159.810580274,190.,249.682927058)) ;
#819=CARTESIAN_POINT('Control Point',(159.785873943,190.,249.695280901)) ;
#820=CARTESIAN_POINT('Control Point',(159.761167613,190.,249.707634744)) ;
#821=CARTESIAN_POINT('Control Point',(159.711754952,190.,249.73234243)) ;
#822=CARTESIAN_POINT('Control Point',(159.662342291,190.,249.757050116)) ;
#823=CARTESIAN_POINT('Control Point',(159.637635961,190.,249.769403959)) ;
#824=CARTESIAN_POINT('Control Point',(159.61292963,190.,249.781757802)) ;
#825=CARTESIAN_POINT('Control Point',(159.5882233,190.,249.794111645)) ;
#826=CARTESIAN_POINT('Control Point',(160.,190.,250.)) ;
#827=CARTESIAN_POINT('Control Point',(160.,190.,250.)) ;
#828=CARTESIAN_POINT('Control Point',(160.,190.,250.)) ;
#829=CARTESIAN_POINT('Control Point',(160.,190.,250.)) ;
#830=CARTESIAN_POINT('Control Point',(160.,190.,250.)) ;
#831=CARTESIAN_POINT('Control Point',(160.,190.,250.)) ;
#832=CARTESIAN_POINT('Control Point',(160.,190.,250.)) ;
#833=CARTESIAN_POINT('Control Point',(160.,190.,250.)) ;
#834=CARTESIAN_POINT('Control Point',(160.,190.,250.)) ;
#836=CARTESIAN_POINT('Control Point',(62.0204102887,190.,170.000000104)) ;
#837=CARTESIAN_POINT('Control Point',(63.66656103,190.,169.999999898)) ;
#838=CARTESIAN_POINT('Control Point',(65.3111919891,190.,170.040647046)) ;
#839=CARTESIAN_POINT('Control Point',(66.9527739615,190.,170.121654835)) ;
#840=CARTESIAN_POINT('Control Point',(74.301059637,190.,170.664653012)) ;
#841=CARTESIAN_POINT('Control Point',(81.5268050582,190.,172.002166978)) ;
#842=CARTESIAN_POINT('Control Point',(87.0046175076,190.,173.499340275)) ;
#843=CARTESIAN_POINT('Control Point',(96.3809616202,190.,176.89889501)) ;
#844=CARTESIAN_POINT('Control Point',(104.957600834,190.,181.401441203)) ;
#845=CARTESIAN_POINT('Control Point',(108.530522893,190.,183.550023672)) ;
#846=CARTESIAN_POINT('Control Point',(115.652560416,190.,188.375344919)) ;
#847=CARTESIAN_POINT('Control Point',(121.872683534,190.,193.636721002)) ;
#848=CARTESIAN_POINT('Control Point',(124.882911888,190.,196.46635617)) ;
#849=CARTESIAN_POINT('Control Point',(129.911119152,190.,201.637949327)) ;
#850=CARTESIAN_POINT('Control Point',(134.185430059,190.,206.734115153)) ;
#851=CARTESIAN_POINT('Control Point',(135.971516576,190.,208.99816114)) ;
#852=CARTESIAN_POINT('Control Point',(140.385018248,190.,214.898315011)) ;
#853=CARTESIAN_POINT('Control Point',(144.026274426,190.,220.471193497)) ;
#854=CARTESIAN_POINT('Control Point',(146.066954379,190.,223.8038722)) ;
#855=CARTESIAN_POINT('Control Point',(150.250229085,190.,230.991872018)) ;
#856=CARTESIAN_POINT('Control Point',(153.790737977,190.,237.689991616)) ;
#857=CARTESIAN_POINT('Control Point',(155.633529147,190.,241.288091128)) ;
#858=CARTESIAN_POINT('Control Point',(157.577123184,190.,245.155828977)) ;
#859=CARTESIAN_POINT('Control Point',(159.504140375,190.,249.008326091)) ;
#860=CARTESIAN_POINT('Control Point',(159.666219608,190.,249.332568294)) ;
#861=CARTESIAN_POINT('Control Point',(159.831051688,190.,249.662106611)) ;
#862=CARTESIAN_POINT('Control Point',(159.99576581,190.,249.991531555)) ;
#863=CARTESIAN_POINT('Control Point',(159.997177152,190.,249.994354304)) ;
#864=CARTESIAN_POINT('Control Point',(159.998588576,190.,249.997177152)) ;
#865=CARTESIAN_POINT('Control Point',(160.,190.,250.)) ;
#873=CARTESIAN_POINT('Axis2P3D Location',(110.,0.,200.)) ;
#878=CARTESIAN_POINT('Line Origine',(110.,-960.,300.)) ;
#882=CARTESIAN_POINT('Vertex',(110.,-960.,350.)) ;
#885=CARTESIAN_POINT('Line Origine',(110.,-410.,350.)) ;
#889=CARTESIAN_POINT('Vertex',(110.,140.,350.)) ;
#892=CARTESIAN_POINT('Line Origine',(110.,140.,300.)) ;
#904=CARTESIAN_POINT('Axis2P3D Location',(160.,-960.,185.)) ;
#909=CARTESIAN_POINT('Line Origine',(160.,-1010.,185.)) ;
#913=CARTESIAN_POINT('Vertex',(160.,-1010.,350.)) ;
#916=CARTESIAN_POINT('Axis2P3D Location',(160.,-960.,350.)) ;
#928=CARTESIAN_POINT('Axis2P3D Location',(160.,-960.,350.)) ;
#933=CARTESIAN_POINT('Axis2P3D Location',(160.,-960.,350.)) ;
#937=CARTESIAN_POINT('Vertex',(160.,-960.,400.)) ;
#940=CARTESIAN_POINT('Axis2P3D Location',(160.,-960.,350.)) ;
#951=CARTESIAN_POINT('Axis2P3D Location',(160.,140.,185.)) ;
#956=CARTESIAN_POINT('Axis2P3D Location',(160.,140.,350.)) ;
#960=CARTESIAN_POINT('Vertex',(160.,190.,350.)) ;
#963=CARTESIAN_POINT('Line Origine',(160.,190.,185.)) ;
#975=CARTESIAN_POINT('Axis2P3D Location',(160.,140.,350.)) ;
#980=CARTESIAN_POINT('Axis2P3D Location',(160.,140.,350.)) ;
#984=CARTESIAN_POINT('Vertex',(160.,140.,400.)) ;
#987=CARTESIAN_POINT('Axis2P3D Location',(160.,140.,350.)) ;
#998=CARTESIAN_POINT('Axis2P3D Location',(160.,-410.,350.)) ;
#1003=CARTESIAN_POINT('Line Origine',(160.,-410.,400.)) ;
#1015=CARTESIAN_POINT('Axis2P3D Location',(580.,-1010.,0.)) ;
#1020=CARTESIAN_POINT('Line Origine',(580.,160.,190.)) ;
#1024=CARTESIAN_POINT('Vertex',(580.,160.,30.)) ;
#1026=CARTESIAN_POINT('Vertex',(580.,160.,350.)) ;
#1029=CARTESIAN_POINT('Line Origine',(580.,-410.,350.)) ;
#1033=CARTESIAN_POINT('Vertex',(580.,-980.,350.)) ;
#1036=CARTESIAN_POINT('Line Origine',(580.,-980.,190.)) ;
#1040=CARTESIAN_POINT('Vertex',(580.,-980.,30.)) ;
#1043=CARTESIAN_POINT('Line Origine',(580.,-410.,30.)) ;
#1055=CARTESIAN_POINT('Axis2P3D Location',(550.,-980.,175.)) ;
#1060=CARTESIAN_POINT('Axis2P3D Location',(550.,-980.,350.)) ;
#1064=CARTESIAN_POINT('Vertex',(550.,-1010.,350.)) ;
#1067=CARTESIAN_POINT('Line Origine',(550.,-1010.,175.)) ;
#1071=CARTESIAN_POINT('Vertex',(550.,-1010.,30.)) ;
#1074=CARTESIAN_POINT('Axis2P3D Location',(550.,-980.,30.)) ;
#1086=CARTESIAN_POINT('Axis2P3D Location',(550.,-980.,30.)) ;
#1091=CARTESIAN_POINT('Axis2P3D Location',(550.,-980.,30.)) ;
#1095=CARTESIAN_POINT('Vertex',(550.,-980.,0.)) ;
#1098=CARTESIAN_POINT('Axis2P3D Location',(550.,-980.,30.)) ;
#1109=CARTESIAN_POINT('Axis2P3D Location',(550.,-410.,30.)) ;
#1114=CARTESIAN_POINT('Axis2P3D Location',(550.,160.,30.)) ;
#1118=CARTESIAN_POINT('Vertex',(550.,160.,0.)) ;
#1121=CARTESIAN_POINT('Line Origine',(550.,-410.,-7.1054273576E-15)) ;
#1133=CARTESIAN_POINT('Axis2P3D Location',(550.,160.,30.)) ;
#1138=CARTESIAN_POINT('Axis2P3D Location',(550.,160.,30.)) ;
#1142=CARTESIAN_POINT('Vertex',(550.,190.,30.)) ;
#1145=CARTESIAN_POINT('Axis2P3D Location',(550.,160.,30.)) ;
#1156=CARTESIAN_POINT('Axis2P3D Location',(550.,160.,175.)) ;
#1161=CARTESIAN_POINT('Line Origine',(550.,190.,175.)) ;
#1165=CARTESIAN_POINT('Vertex',(550.,190.,350.)) ;
#1168=CARTESIAN_POINT('Axis2P3D Location',(550.,160.,350.)) ;
#1180=CARTESIAN_POINT('Axis2P3D Location',(530.,-410.,350.)) ;
#1185=CARTESIAN_POINT('Line Origine',(530.,-410.,400.)) ;
#1189=CARTESIAN_POINT('Vertex',(530.,-960.,400.)) ;
#1191=CARTESIAN_POINT('Vertex',(530.,140.,400.)) ;
#1195=CARTESIAN_POINT('Control Point',(530.,-960.,400.)) ;
#1196=CARTESIAN_POINT('Control Point',(530.399313877,-960.159725548,400.)) ;
#1197=CARTESIAN_POINT('Control Point',(530.798627755,-960.319451096,399.996013711)) ;
#1198=CARTESIAN_POINT('Control Point',(531.193125421,-960.477250167,399.988155221)) ;
#1199=CARTESIAN_POINT('Control Point',(533.413671316,-961.365468531,399.921844993)) ;
#1200=CARTESIAN_POINT('Control Point',(535.629980166,-962.251992045,399.732223922)) ;
#1201=CARTESIAN_POINT('Control Point',(537.440714155,-962.976287114,399.493817197)) ;
#1202=CARTESIAN_POINT('Control Point',(541.433432127,-964.573376259,398.781473858)) ;
#1203=CARTESIAN_POINT('Control Point',(545.347448561,-966.138981716,397.665042178)) ;
#1204=CARTESIAN_POINT('Control Point',(547.465920755,-966.98636827,396.930706928)) ;
#1205=CARTESIAN_POINT('Control Point',(553.743367983,-969.497347258,394.352029093)) ;
#1206=CARTESIAN_POINT('Control Point',(559.579902628,-971.83196092,390.704041801)) ;
#1207=CARTESIAN_POINT('Control Point',(563.218578739,-973.287431385,387.803605708)) ;
#1208=CARTESIAN_POINT('Control Point',(571.089261657,-976.435704816,379.861248314)) ;
#1209=CARTESIAN_POINT('Control Point',(576.629579426,-978.651831558,369.807580518)) ;
#1210=CARTESIAN_POINT('Control Point',(578.877244488,-979.550897795,363.40301777)) ;
#1211=CARTESIAN_POINT('Control Point',(580.,-980.,356.701508821)) ;
#1212=CARTESIAN_POINT('Control Point',(580.,-980.,350.)) ;
#1215=CARTESIAN_POINT('Control Point',(530.,140.,400.)) ;
#1216=CARTESIAN_POINT('Control Point',(530.399313876,140.159725547,400.)) ;
#1217=CARTESIAN_POINT('Control Point',(530.798627753,140.319451094,399.996013711)) ;
#1218=CARTESIAN_POINT('Control Point',(531.193125418,140.477250166,399.988155221)) ;
#1219=CARTESIAN_POINT('Control Point',(533.413671313,141.36546853,399.921844993)) ;
#1220=CARTESIAN_POINT('Control Point',(535.629980163,142.251992043,399.732223922)) ;
#1221=CARTESIAN_POINT('Control Point',(537.440714152,142.976287112,399.493817197)) ;
#1222=CARTESIAN_POINT('Control Point',(541.433432124,144.573376258,398.781473859)) ;
#1223=CARTESIAN_POINT('Control Point',(545.347448558,146.138981715,397.665042179)) ;
#1224=CARTESIAN_POINT('Control Point',(547.465920752,146.986368269,396.930706929)) ;
#1225=CARTESIAN_POINT('Control Point',(553.74336798,149.497347257,394.352029095)) ;
#1226=CARTESIAN_POINT('Control Point',(559.579902625,151.831960919,390.704041803)) ;
#1227=CARTESIAN_POINT('Control Point',(563.218578736,153.287431384,387.803605712)) ;
#1228=CARTESIAN_POINT('Control Point',(571.089261655,156.435704815,379.861248317)) ;
#1229=CARTESIAN_POINT('Control Point',(576.629579425,158.651831557,369.80758052)) ;
#1230=CARTESIAN_POINT('Control Point',(578.877244488,159.550897795,363.403017771)) ;
#1231=CARTESIAN_POINT('Control Point',(580.,160.,356.701508822)) ;
#1232=CARTESIAN_POINT('Control Point',(580.,160.,350.)) ;
#1242=CARTESIAN_POINT('Control Point',(530.,-960.,400.)) ;
#1243=CARTESIAN_POINT('Control Point',(530.,-960.,400.)) ;
#1244=CARTESIAN_POINT('Control Point',(530.,-960.,400.)) ;
#1245=CARTESIAN_POINT('Control Point',(530.,-960.,400.)) ;
#1246=CARTESIAN_POINT('Control Point',(530.,-960.,400.)) ;
#1247=CARTESIAN_POINT('Control Point',(530.,-960.,400.)) ;
#1248=CARTESIAN_POINT('Control Point',(530.,-960.,400.)) ;
#1249=CARTESIAN_POINT('Control Point',(530.,-960.,400.)) ;
#1250=CARTESIAN_POINT('Control Point',(530.,-960.,400.)) ;
#1251=CARTESIAN_POINT('Control Point',(530.399313877,-960.159725548,400.)) ;
#1252=CARTESIAN_POINT('Control Point',(530.375355044,-960.183684381,400.)) ;
#1253=CARTESIAN_POINT('Control Point',(530.351396211,-960.207643214,400.)) ;
#1254=CARTESIAN_POINT('Control Point',(530.327437378,-960.231602047,400.)) ;
#1255=CARTESIAN_POINT('Control Point',(530.279519713,-960.279519713,400.)) ;
#1256=CARTESIAN_POINT('Control Point',(530.231602047,-960.327437378,400.)) ;
#1257=CARTESIAN_POINT('Control Point',(530.207643214,-960.351396211,400.)) ;
#1258=CARTESIAN_POINT('Control Point',(530.183684381,-960.375355044,400.)) ;
#1259=CARTESIAN_POINT('Control Point',(530.159725548,-960.399313877,400.)) ;
#1260=CARTESIAN_POINT('Control Point',(530.798679194,-960.319471682,399.996011307)) ;
#1261=CARTESIAN_POINT('Control Point',(530.750758133,-960.367392278,399.996425195)) ;
#1262=CARTESIAN_POINT('Control Point',(530.702837188,-960.415312874,399.996735611)) ;
#1263=CARTESIAN_POINT('Control Point',(530.65491634,-960.463233489,399.996942555)) ;
#1264=CARTESIAN_POINT('Control Point',(530.559074798,-960.559074798,399.997149499)) ;
#1265=CARTESIAN_POINT('Control Point',(530.46323349,-960.654916339,399.996942555)) ;
#1266=CARTESIAN_POINT('Control Point',(530.415312875,-960.702837187,399.996735611)) ;
#1267=CARTESIAN_POINT('Control Point',(530.367392279,-960.750758132,399.996425195)) ;
#1268=CARTESIAN_POINT('Control Point',(530.319471683,-960.798679194,399.996011307)) ;
#1269=CARTESIAN_POINT('Control Point',(531.193126235,-960.477250492,399.988155202)) ;
#1270=CARTESIAN_POINT('Control Point',(531.121550998,-960.548844235,399.989578219)) ;
#1271=CARTESIAN_POINT('Control Point',(531.049971134,-960.620437978,399.990645482)) ;
#1272=CARTESIAN_POINT('Control Point',(530.978387415,-960.692030949,399.991356991)) ;
#1273=CARTESIAN_POINT('Control Point',(530.835213809,-960.835213809,399.9920685)) ;
#1274=CARTESIAN_POINT('Control Point',(530.692030949,-960.978387415,399.991356991)) ;
#1275=CARTESIAN_POINT('Control Point',(530.620437978,-961.049971134,399.990645482)) ;
#1276=CARTESIAN_POINT('Control Point',(530.548844235,-961.121550998,399.989578219)) ;
#1277=CARTESIAN_POINT('Control Point',(530.477250492,-961.193126235,399.988155202)) ;
#1278=CARTESIAN_POINT('Control Point',(533.413667598,-961.365467049,399.921845079)) ;
#1279=CARTESIAN_POINT('Control Point',(533.209071569,-961.570399116,399.931212713)) ;
#1280=CARTESIAN_POINT('Control Point',(533.004391529,-961.775331182,399.938238784)) ;
#1281=CARTESIAN_POINT('Control Point',(532.799641481,-961.980249248,399.942922946)) ;
#1282=CARTESIAN_POINT('Control Point',(532.390029373,-962.390029373,399.947607109)) ;
#1283=CARTESIAN_POINT('Control Point',(531.980249248,-962.799641481,399.942922946)) ;
#1284=CARTESIAN_POINT('Control Point',(531.775331183,-963.004391529,399.938238784)) ;
#1285=CARTESIAN_POINT('Control Point',(531.570399116,-963.209071569,399.931212713)) ;
#1286=CARTESIAN_POINT('Control Point',(531.365467049,-963.413667598,399.921845079)) ;
#1287=CARTESIAN_POINT('Control Point',(535.629997132,-962.251998808,399.732223527)) ;
#1288=CARTESIAN_POINT('Control Point',(535.293807672,-962.590604144,399.764325096)) ;
#1289=CARTESIAN_POINT('Control Point',(534.957014641,-962.92920948,399.788407845)) ;
#1290=CARTESIAN_POINT('Control Point',(534.619718367,-963.267714088,399.804465201)) ;
#1291=CARTESIAN_POINT('Control Point',(533.944320394,-963.944320396,399.820522557)) ;
#1292=CARTESIAN_POINT('Control Point',(533.267714086,-964.619718368,399.804465201)) ;
#1293=CARTESIAN_POINT('Control Point',(532.929209477,-964.957014642,399.788407845)) ;
#1294=CARTESIAN_POINT('Control Point',(532.590604141,-965.293807673,399.764325096)) ;
#1295=CARTESIAN_POINT('Control Point',(532.251998805,-965.629997133,399.732223527)) ;
#1296=CARTESIAN_POINT('Control Point',(537.440717899,-962.976287114,399.493816683)) ;
#1297=CARTESIAN_POINT('Control Point',(536.999027485,-963.425108276,399.554281291)) ;
#1298=CARTESIAN_POINT('Control Point',(536.555556568,-963.873929439,399.599657177)) ;
#1299=CARTESIAN_POINT('Control Point',(536.110600448,-964.322453122,399.629916926)) ;
#1300=CARTESIAN_POINT('Control Point',(535.218310566,-965.218310566,399.660176673)) ;
#1301=CARTESIAN_POINT('Control Point',(534.322453122,-966.110600448,399.629916926)) ;
#1302=CARTESIAN_POINT('Control Point',(533.873929439,-966.555556567,399.599657177)) ;
#1303=CARTESIAN_POINT('Control Point',(533.425108277,-966.999027485,399.554281291)) ;
#1304=CARTESIAN_POINT('Control Point',(532.976287114,-967.440717898,399.493816683)) ;
#1305=CARTESIAN_POINT('Control Point',(541.433440847,-964.573376259,398.781472433)) ;
#1306=CARTESIAN_POINT('Control Point',(540.766248381,-965.268809209,398.925716353)) ;
#1307=CARTESIAN_POINT('Control Point',(540.092020208,-965.964242158,399.034097216)) ;
#1308=CARTESIAN_POINT('Control Point',(539.41191262,-966.658494366,399.106417104)) ;
#1309=CARTESIAN_POINT('Control Point',(538.042275806,-968.042275808,399.178736991)) ;
#1310=CARTESIAN_POINT('Control Point',(536.658494364,-969.411912621,399.106417104)) ;
#1311=CARTESIAN_POINT('Control Point',(535.964242156,-970.092020209,399.034097216)) ;
#1312=CARTESIAN_POINT('Control Point',(535.268809208,-970.766248381,398.925716353)) ;
#1313=CARTESIAN_POINT('Control Point',(534.57337626,-971.433440846,398.781472433)) ;
#1314=CARTESIAN_POINT('Control Point',(545.347454444,-966.138981716,397.665041056)) ;
#1315=CARTESIAN_POINT('Control Point',(544.480775263,-967.087126679,397.935433289)) ;
#1316=CARTESIAN_POINT('Control Point',(543.593995981,-968.035271645,398.139160236)) ;
#1317=CARTESIAN_POINT('Control Point',(542.690289812,-968.979977588,398.275291106)) ;
#1318=CARTESIAN_POINT('Control Point',(540.855633528,-970.855633532,398.411421552)) ;
#1319=CARTESIAN_POINT('Control Point',(538.979977585,-972.690289815,398.275291107)) ;
#1320=CARTESIAN_POINT('Control Point',(538.035271643,-973.593995983,398.139160236)) ;
#1321=CARTESIAN_POINT('Control Point',(537.087126677,-974.480775264,397.935433289)) ;
#1322=CARTESIAN_POINT('Control Point',(536.138981717,-975.347454443,397.665041056)) ;
#1323=CARTESIAN_POINT('Control Point',(547.465920755,-966.98636827,396.930706928)) ;
#1324=CARTESIAN_POINT('Control Point',(546.500027805,-968.075785984,397.281799853)) ;
#1325=CARTESIAN_POINT('Control Point',(545.50379024,-969.165203712,397.54672811)) ;
#1326=CARTESIAN_POINT('Control Point',(544.48191052,-970.249384328,397.72388777)) ;
#1327=CARTESIAN_POINT('Control Point',(542.396797665,-972.396797669,397.90104644)) ;
#1328=CARTESIAN_POINT('Control Point',(540.249384325,-974.481910523,397.72388777)) ;
#1329=CARTESIAN_POINT('Control Point',(539.165203709,-975.503790243,397.54672811)) ;
#1330=CARTESIAN_POINT('Control Point',(538.075785982,-976.500027807,397.281799853)) ;
#1331=CARTESIAN_POINT('Control Point',(536.98636827,-977.465920755,396.930706928)) ;
#1332=CARTESIAN_POINT('Control Point',(553.743367983,-969.497347258,394.352029093)) ;
#1333=CARTESIAN_POINT('Control Point',(552.51629219,-971.022403806,394.975228599)) ;
#1334=CARTESIAN_POINT('Control Point',(551.216826358,-972.547460405,395.447560528)) ;
#1335=CARTESIAN_POINT('Control Point',(549.85564174,-974.059747428,395.764113871)) ;
#1336=CARTESIAN_POINT('Control Point',(547.033245056,-977.033245048,396.080662646)) ;
#1337=CARTESIAN_POINT('Control Point',(544.059747435,-979.855641733,395.764113871)) ;
#1338=CARTESIAN_POINT('Control Point',(542.54746041,-981.216826353,395.447560528)) ;
#1339=CARTESIAN_POINT('Control Point',(541.022403809,-982.516292187,394.975228599)) ;
#1340=CARTESIAN_POINT('Control Point',(539.497347258,-983.743367983,394.352029093)) ;
#1341=CARTESIAN_POINT('Control Point',(559.579902628,-971.83196092,390.704041801)) ;
#1342=CARTESIAN_POINT('Control Point',(558.225874171,-973.823787738,391.657727944)) ;
#1343=CARTESIAN_POINT('Control Point',(556.720618054,-975.815615068,392.38605148)) ;
#1344=CARTESIAN_POINT('Control Point',(555.083954019,-977.779468409,392.87606414)) ;
#1345=CARTESIAN_POINT('Control Point',(551.59529864,-981.595298656,393.366053203)) ;
#1346=CARTESIAN_POINT('Control Point',(547.779468396,-985.083954032,392.87606414)) ;
#1347=CARTESIAN_POINT('Control Point',(545.815615058,-986.720618064,392.38605148)) ;
#1348=CARTESIAN_POINT('Control Point',(543.823787733,-988.225874176,391.657727944)) ;
#1349=CARTESIAN_POINT('Control Point',(541.831960921,-989.579902627,390.704041801)) ;
#1350=CARTESIAN_POINT('Control Point',(563.218578739,-973.287431385,387.803605708)) ;
#1351=CARTESIAN_POINT('Control Point',(561.855302214,-975.608347528,388.981586045)) ;
#1352=CARTESIAN_POINT('Control Point',(560.268519926,-977.929264797,389.886681034)) ;
#1353=CARTESIAN_POINT('Control Point',(558.485092231,-980.207566481,390.497508495)) ;
#1354=CARTESIAN_POINT('Control Point',(554.593750437,-984.593750502,391.108287401)) ;
#1355=CARTESIAN_POINT('Control Point',(550.207566428,-988.485092284,390.497508495)) ;
#1356=CARTESIAN_POINT('Control Point',(547.929264756,-990.268519967,389.886681035)) ;
#1357=CARTESIAN_POINT('Control Point',(545.608347505,-991.855302237,388.981586045)) ;
#1358=CARTESIAN_POINT('Control Point',(543.287431385,-993.218578739,387.803605708)) ;
#1359=CARTESIAN_POINT('Control Point',(568.404627853,-975.361851204,382.570329771)) ;
#1360=CARTESIAN_POINT('Control Point',(567.162305603,-978.230367077,384.040041462)) ;
#1361=CARTESIAN_POINT('Control Point',(565.554185733,-981.098887658,385.182198353)) ;
#1362=CARTESIAN_POINT('Control Point',(563.614946328,-983.892595228,385.9576114)) ;
#1363=CARTESIAN_POINT('Control Point',(559.180939416,-989.180939379,386.732879457)) ;
#1364=CARTESIAN_POINT('Control Point',(553.892595259,-993.614946298,385.9576114)) ;
#1365=CARTESIAN_POINT('Control Point',(551.098887682,-995.55418571,385.182198353)) ;
#1366=CARTESIAN_POINT('Control Point',(548.23036709,-997.16230559,384.040041462)) ;
#1367=CARTESIAN_POINT('Control Point',(545.361851204,-998.404627853,382.570329771)) ;
#1368=CARTESIAN_POINT('Control Point',(572.578928873,-977.031571513,376.420410246)) ;
#1369=CARTESIAN_POINT('Control Point',(571.618511509,-980.454869142,377.974516503)) ;
#1370=CARTESIAN_POINT('Control Point',(570.128888926,-983.87818277,379.195460818)) ;
#1371=CARTESIAN_POINT('Control Point',(568.143487545,-987.183577001,380.029188738)) ;
#1372=CARTESIAN_POINT('Control Point',(563.323315787,-993.323315809,380.862640806)) ;
#1373=CARTESIAN_POINT('Control Point',(557.183576983,-998.143487562,380.029188738)) ;
#1374=CARTESIAN_POINT('Control Point',(553.878182756,-1000.12888894,379.195460818)) ;
#1375=CARTESIAN_POINT('Control Point',(550.454869134,-1001.61851152,377.974516503)) ;
#1376=CARTESIAN_POINT('Control Point',(547.031571513,-1002.57892887,376.420410246)) ;
#1377=CARTESIAN_POINT('Control Point',(573.951733953,-977.580693556,374.070528504)) ;
#1378=CARTESIAN_POINT('Control Point',(573.111409932,-981.203860561,375.620107455)) ;
#1379=CARTESIAN_POINT('Control Point',(571.681328559,-984.827048898,376.842252365)) ;
#1380=CARTESIAN_POINT('Control Point',(569.692998695,-988.315455816,377.678546569)) ;
#1381=CARTESIAN_POINT('Control Point',(564.753983924,-994.75398395,378.514516256)) ;
#1382=CARTESIAN_POINT('Control Point',(558.315455795,-999.692998716,377.678546569)) ;
#1383=CARTESIAN_POINT('Control Point',(554.827048882,-1001.68132858,376.842252365)) ;
#1384=CARTESIAN_POINT('Control Point',(551.203860552,-1003.11140994,375.620107455)) ;
#1385=CARTESIAN_POINT('Control Point',(547.580693556,-1003.95173395,374.070528504)) ;
#1386=CARTESIAN_POINT('Control Point',(576.890887455,-978.756355018,368.144142673)) ;
#1387=CARTESIAN_POINT('Control Point',(576.364598977,-982.844987367,369.576935657)) ;
#1388=CARTESIAN_POINT('Control Point',(575.10587833,-986.933657216,370.717084233)) ;
#1389=CARTESIAN_POINT('Control Point',(573.138062803,-990.845490498,371.501017646)) ;
#1390=CARTESIAN_POINT('Control Point',(567.963297898,-997.963297861,372.284535805)) ;
#1391=CARTESIAN_POINT('Control Point',(560.845490528,-1003.13806277,371.501017646)) ;
#1392=CARTESIAN_POINT('Control Point',(556.933657239,-1005.10587831,370.717084233)) ;
#1393=CARTESIAN_POINT('Control Point',(552.84498738,-1006.36459896,369.576935657)) ;
#1394=CARTESIAN_POINT('Control Point',(548.756355018,-1006.89088746,368.144142673)) ;
#1395=CARTESIAN_POINT('Control Point',(578.839177832,-979.535671082,361.74278578)) ;
#1396=CARTESIAN_POINT('Control Point',(578.619489367,-983.998744372,362.800100833)) ;
#1397=CARTESIAN_POINT('Control Point',(577.551044115,-988.461875175,363.647542186)) ;
#1398=CARTESIAN_POINT('Control Point',(575.644084856,-992.709727841,364.232518116)) ;
#1399=CARTESIAN_POINT('Control Point',(570.346616438,-1000.34661649,364.817105208)) ;
#1400=CARTESIAN_POINT('Control Point',(562.709727799,-1005.6440849,364.232518116)) ;
#1401=CARTESIAN_POINT('Control Point',(558.461875143,-1007.55104415,363.647542186)) ;
#1402=CARTESIAN_POINT('Control Point',(553.998744354,-1008.61948939,362.800100833)) ;
#1403=CARTESIAN_POINT('Control Point',(549.535671082,-1008.83917783,361.74278578)) ;
#1404=CARTESIAN_POINT('Control Point',(579.613004921,-979.845201968,357.868876244)) ;
#1405=CARTESIAN_POINT('Control Point',(579.540199334,-984.47477382,358.61114445)) ;
#1406=CARTESIAN_POINT('Control Point',(578.567680249,-989.104414649,359.207786673)) ;
#1407=CARTESIAN_POINT('Control Point',(576.697891599,-993.500542674,359.620299257)) ;
#1408=CARTESIAN_POINT('Control Point',(571.361510216,-1001.36151022,360.032512399)) ;
#1409=CARTESIAN_POINT('Control Point',(563.500542671,-1006.6978916,359.620299257)) ;
#1410=CARTESIAN_POINT('Control Point',(559.104414647,-1008.56768025,359.207786673)) ;
#1411=CARTESIAN_POINT('Control Point',(554.474773819,-1009.54019933,358.61114445)) ;
#1412=CARTESIAN_POINT('Control Point',(549.845201968,-1009.61300492,357.868876244)) ;
#1413=CARTESIAN_POINT('Control Point',(580.,-980.,353.9344381)) ;
#1414=CARTESIAN_POINT('Control Point',(580.,-984.71238898,354.305250155)) ;
#1415=CARTESIAN_POINT('Control Point',(579.074932212,-989.424852619,354.603275646)) ;
#1416=CARTESIAN_POINT('Control Point',(577.223406137,-993.894757322,354.809312618)) ;
#1417=CARTESIAN_POINT('Control Point',(571.867325142,-1001.86732514,355.015200727)) ;
#1418=CARTESIAN_POINT('Control Point',(563.894757322,-1007.22340614,354.809312618)) ;
#1419=CARTESIAN_POINT('Control Point',(559.424852619,-1009.07493221,354.603275646)) ;
#1420=CARTESIAN_POINT('Control Point',(554.71238898,-1010.,354.305250155)) ;
#1421=CARTESIAN_POINT('Control Point',(550.,-1010.,353.9344381)) ;
#1422=CARTESIAN_POINT('Control Point',(580.,-980.,350.)) ;
#1423=CARTESIAN_POINT('Control Point',(580.,-984.71238898,350.)) ;
#1424=CARTESIAN_POINT('Control Point',(579.074932212,-989.424852619,350.)) ;
#1425=CARTESIAN_POINT('Control Point',(577.223406137,-993.894757322,350.)) ;
#1426=CARTESIAN_POINT('Control Point',(571.867325142,-1001.86732514,350.)) ;
#1427=CARTESIAN_POINT('Control Point',(563.894757322,-1007.22340614,350.)) ;
#1428=CARTESIAN_POINT('Control Point',(559.424852619,-1009.07493221,350.)) ;
#1429=CARTESIAN_POINT('Control Point',(554.71238898,-1010.,350.)) ;
#1430=CARTESIAN_POINT('Control Point',(550.,-1010.,350.)) ;
#1432=CARTESIAN_POINT('Control Point',(530.,-960.,400.)) ;
#1433=CARTESIAN_POINT('Control Point',(530.001365454,-960.003413635,400.)) ;
#1434=CARTESIAN_POINT('Control Point',(530.002730908,-960.00682727,399.999999709)) ;
#1435=CARTESIAN_POINT('Control Point',(530.004096337,-960.010240842,399.999999126)) ;
#1436=CARTESIAN_POINT('Control Point',(530.163821204,-960.409553008,399.999896905)) ;
#1437=CARTESIAN_POINT('Control Point',(530.323519787,-960.808799466,399.995808863)) ;
#1438=CARTESIAN_POINT('Control Point',(530.479980139,-961.199950351,399.987951122)) ;
#1439=CARTESIAN_POINT('Control Point',(532.255046674,-965.637616659,399.85505386)) ;
#1440=CARTESIAN_POINT('Control Point',(534.023344222,-970.058360821,399.229670938)) ;
#1441=CARTESIAN_POINT('Control Point',(535.609507497,-974.023769006,398.252464509)) ;
#1442=CARTESIAN_POINT('Control Point',(538.863317679,-982.158293903,395.342741983)) ;
#1443=CARTESIAN_POINT('Control Point',(541.831960921,-989.579902627,390.704041801)) ;
#1444=CARTESIAN_POINT('Control Point',(543.287431385,-993.218578739,387.803605708)) ;
#1445=CARTESIAN_POINT('Control Point',(545.361851204,-998.404627853,382.570329771)) ;
#1446=CARTESIAN_POINT('Control Point',(547.031571513,-1002.57892887,376.420410246)) ;
#1447=CARTESIAN_POINT('Control Point',(547.580693556,-1003.95173395,374.070528504)) ;
#1448=CARTESIAN_POINT('Control Point',(548.756355018,-1006.89088746,368.144142673)) ;
#1449=CARTESIAN_POINT('Control Point',(549.535671082,-1008.83917783,361.74278578)) ;
#1450=CARTESIAN_POINT('Control Point',(549.845201968,-1009.61300492,357.868876244)) ;
#1451=CARTESIAN_POINT('Control Point',(550.,-1010.,353.9344381)) ;
#1452=CARTESIAN_POINT('Control Point',(550.,-1010.,350.)) ;
#1461=CARTESIAN_POINT('Control Point',(530.,140.,400.)) ;
#1462=CARTESIAN_POINT('Control Point',(530.,140.,400.)) ;
#1463=CARTESIAN_POINT('Control Point',(530.,140.,400.)) ;
#1464=CARTESIAN_POINT('Control Point',(530.,140.,400.)) ;
#1465=CARTESIAN_POINT('Control Point',(530.,140.,400.)) ;
#1466=CARTESIAN_POINT('Control Point',(530.,140.,400.)) ;
#1467=CARTESIAN_POINT('Control Point',(530.,140.,400.)) ;
#1468=CARTESIAN_POINT('Control Point',(530.,140.,400.)) ;
#1469=CARTESIAN_POINT('Control Point',(530.,140.,400.)) ;
#1470=CARTESIAN_POINT('Control Point',(530.159725548,140.399313876,400.)) ;
#1471=CARTESIAN_POINT('Control Point',(530.183684381,140.375355043,400.)) ;
#1472=CARTESIAN_POINT('Control Point',(530.207643213,140.35139621,400.)) ;
#1473=CARTESIAN_POINT('Control Point',(530.231602046,140.327437377,400.)) ;
#1474=CARTESIAN_POINT('Control Point',(530.279519712,140.279519712,400.)) ;
#1475=CARTESIAN_POINT('Control Point',(530.327437378,140.231602046,400.)) ;
#1476=CARTESIAN_POINT('Control Point',(530.351396211,140.207643213,400.)) ;
#1477=CARTESIAN_POINT('Control Point',(530.375355044,140.18368438,400.)) ;
#1478=CARTESIAN_POINT('Control Point',(530.399313876,140.159725547,400.)) ;
#1479=CARTESIAN_POINT('Control Point',(530.319471681,140.798679192,399.996011307)) ;
#1480=CARTESIAN_POINT('Control Point',(530.367392277,140.75075813,399.996425195)) ;
#1481=CARTESIAN_POINT('Control Point',(530.415312873,140.702837185,399.996735611)) ;
#1482=CARTESIAN_POINT('Control Point',(530.463233488,140.654916337,399.996942555)) ;
#1483=CARTESIAN_POINT('Control Point',(530.559074797,140.559074797,399.997149499)) ;
#1484=CARTESIAN_POINT('Control Point',(530.654916338,140.463233489,399.996942555)) ;
#1485=CARTESIAN_POINT('Control Point',(530.702837186,140.415312873,399.996735611)) ;
#1486=CARTESIAN_POINT('Control Point',(530.750758131,140.367392277,399.996425195)) ;
#1487=CARTESIAN_POINT('Control Point',(530.798679192,140.319471682,399.996011307)) ;
#1488=CARTESIAN_POINT('Control Point',(530.477250491,141.193126232,399.988155202)) ;
#1489=CARTESIAN_POINT('Control Point',(530.548844233,141.121550995,399.989578219)) ;
#1490=CARTESIAN_POINT('Control Point',(530.620437976,141.049971131,399.990645482)) ;
#1491=CARTESIAN_POINT('Control Point',(530.692030948,140.978387412,399.991356991)) ;
#1492=CARTESIAN_POINT('Control Point',(530.835213806,140.835213806,399.9920685)) ;
#1493=CARTESIAN_POINT('Control Point',(530.978387412,140.692030948,399.991356991)) ;
#1494=CARTESIAN_POINT('Control Point',(531.049971131,140.620437976,399.990645482)) ;
#1495=CARTESIAN_POINT('Control Point',(531.121550995,140.548844233,399.989578219)) ;
#1496=CARTESIAN_POINT('Control Point',(531.193126232,140.477250491,399.988155202)) ;
#1497=CARTESIAN_POINT('Control Point',(531.365467047,143.413667594,399.921845079)) ;
#1498=CARTESIAN_POINT('Control Point',(531.570399114,143.209071566,399.931212713)) ;
#1499=CARTESIAN_POINT('Control Point',(531.775331181,143.004391526,399.938238784)) ;
#1500=CARTESIAN_POINT('Control Point',(531.980249246,142.799641479,399.942922947)) ;
#1501=CARTESIAN_POINT('Control Point',(532.390029371,142.390029371,399.947607109)) ;
#1502=CARTESIAN_POINT('Control Point',(532.799641478,141.980249246,399.942922947)) ;
#1503=CARTESIAN_POINT('Control Point',(533.004391526,141.775331181,399.938238784)) ;
#1504=CARTESIAN_POINT('Control Point',(533.209071566,141.570399115,399.931212713)) ;
#1505=CARTESIAN_POINT('Control Point',(533.413667594,141.365467048,399.921845079)) ;
#1506=CARTESIAN_POINT('Control Point',(532.251998807,145.629997128,399.732223528)) ;
#1507=CARTESIAN_POINT('Control Point',(532.590604143,145.293807668,399.764325096)) ;
#1508=CARTESIAN_POINT('Control Point',(532.929209478,144.957014637,399.788407845)) ;
#1509=CARTESIAN_POINT('Control Point',(533.267714087,144.619718363,399.804465201)) ;
#1510=CARTESIAN_POINT('Control Point',(533.944320393,143.944320391,399.820522557)) ;
#1511=CARTESIAN_POINT('Control Point',(534.619718365,143.267714084,399.804465201)) ;
#1512=CARTESIAN_POINT('Control Point',(534.957014639,142.929209475,399.788407845)) ;
#1513=CARTESIAN_POINT('Control Point',(535.29380767,142.59060414,399.764325096)) ;
#1514=CARTESIAN_POINT('Control Point',(535.629997129,142.251998804,399.732223528)) ;
#1515=CARTESIAN_POINT('Control Point',(532.976287113,147.440717895,399.493816684)) ;
#1516=CARTESIAN_POINT('Control Point',(533.425108275,146.999027482,399.554281291)) ;
#1517=CARTESIAN_POINT('Control Point',(533.873929438,146.555556565,399.599657177)) ;
#1518=CARTESIAN_POINT('Control Point',(534.32245312,146.110600445,399.629916927)) ;
#1519=CARTESIAN_POINT('Control Point',(535.218310564,145.218310563,399.660176673)) ;
#1520=CARTESIAN_POINT('Control Point',(536.110600446,144.32245312,399.629916927)) ;
#1521=CARTESIAN_POINT('Control Point',(536.555556565,143.873929437,399.599657177)) ;
#1522=CARTESIAN_POINT('Control Point',(536.999027483,143.425108275,399.554281291)) ;
#1523=CARTESIAN_POINT('Control Point',(537.440717896,142.976287112,399.493816684)) ;
#1524=CARTESIAN_POINT('Control Point',(534.573376258,151.433440843,398.781472434)) ;
#1525=CARTESIAN_POINT('Control Point',(535.268809208,150.766248377,398.925716354)) ;
#1526=CARTESIAN_POINT('Control Point',(535.964242157,150.092020205,399.034097217)) ;
#1527=CARTESIAN_POINT('Control Point',(536.658494364,149.411912617,399.106417105)) ;
#1528=CARTESIAN_POINT('Control Point',(538.042275806,148.042275803,399.178736991)) ;
#1529=CARTESIAN_POINT('Control Point',(539.41191262,146.658494362,399.106417105)) ;
#1530=CARTESIAN_POINT('Control Point',(540.092020207,145.964242154,399.034097217)) ;
#1531=CARTESIAN_POINT('Control Point',(540.766248379,145.268809206,398.925716354)) ;
#1532=CARTESIAN_POINT('Control Point',(541.433440844,144.573376258,398.781472433)) ;
#1533=CARTESIAN_POINT('Control Point',(536.138981715,155.34745444,397.665041057)) ;
#1534=CARTESIAN_POINT('Control Point',(537.087126677,154.480775259,397.93543329)) ;
#1535=CARTESIAN_POINT('Control Point',(538.035271644,153.593995978,398.139160237)) ;
#1536=CARTESIAN_POINT('Control Point',(538.979977587,152.690289809,398.275291107)) ;
#1537=CARTESIAN_POINT('Control Point',(540.85563353,150.855633525,398.411421553)) ;
#1538=CARTESIAN_POINT('Control Point',(542.690289813,148.979977583,398.275291107)) ;
#1539=CARTESIAN_POINT('Control Point',(543.593995981,148.035271641,398.139160237)) ;
#1540=CARTESIAN_POINT('Control Point',(544.480775261,147.087126676,397.93543329)) ;
#1541=CARTESIAN_POINT('Control Point',(545.347454441,146.138981715,397.665041057)) ;
#1542=CARTESIAN_POINT('Control Point',(536.986368269,157.465920752,396.93070693)) ;
#1543=CARTESIAN_POINT('Control Point',(538.075785982,156.500027802,397.281799854)) ;
#1544=CARTESIAN_POINT('Control Point',(539.16520371,155.503790237,397.546728111)) ;
#1545=CARTESIAN_POINT('Control Point',(540.249384326,154.481910516,397.723887771)) ;
#1546=CARTESIAN_POINT('Control Point',(542.396797666,152.396797662,397.901046441)) ;
#1547=CARTESIAN_POINT('Control Point',(544.48191052,150.249384322,397.723887771)) ;
#1548=CARTESIAN_POINT('Control Point',(545.50379024,149.165203707,397.546728111)) ;
#1549=CARTESIAN_POINT('Control Point',(546.500027803,148.075785981,397.281799854)) ;
#1550=CARTESIAN_POINT('Control Point',(547.465920752,146.986368269,396.930706929)) ;
#1551=CARTESIAN_POINT('Control Point',(539.497347256,163.74336798,394.352029095)) ;
#1552=CARTESIAN_POINT('Control Point',(541.022403805,162.516292187,394.975228601)) ;
#1553=CARTESIAN_POINT('Control Point',(542.547460403,161.216826355,395.44756053)) ;
#1554=CARTESIAN_POINT('Control Point',(544.059747426,159.855641737,395.764113872)) ;
#1555=CARTESIAN_POINT('Control Point',(547.033245045,157.033245054,396.080662647)) ;
#1556=CARTESIAN_POINT('Control Point',(549.85564173,154.059747433,395.764113872)) ;
#1557=CARTESIAN_POINT('Control Point',(551.21682635,152.547460408,395.44756053)) ;
#1558=CARTESIAN_POINT('Control Point',(552.516292184,151.022403808,394.975228601)) ;
#1559=CARTESIAN_POINT('Control Point',(553.74336798,149.497347257,394.352029095)) ;
#1560=CARTESIAN_POINT('Control Point',(541.83196092,169.579902624,390.704041803)) ;
#1561=CARTESIAN_POINT('Control Point',(543.823787737,168.225874167,391.657727946)) ;
#1562=CARTESIAN_POINT('Control Point',(545.815615067,166.720618051,392.386051482)) ;
#1563=CARTESIAN_POINT('Control Point',(547.779468407,165.083954016,392.876064142)) ;
#1564=CARTESIAN_POINT('Control Point',(551.595298654,161.595298637,393.366053205)) ;
#1565=CARTESIAN_POINT('Control Point',(555.08395403,157.779468393,392.876064142)) ;
#1566=CARTESIAN_POINT('Control Point',(556.720618062,155.815615056,392.386051482)) ;
#1567=CARTESIAN_POINT('Control Point',(558.225874174,153.823787731,391.657727946)) ;
#1568=CARTESIAN_POINT('Control Point',(559.579902625,151.831960919,390.704041803)) ;
#1569=CARTESIAN_POINT('Control Point',(543.287431384,173.218578736,387.803605711)) ;
#1570=CARTESIAN_POINT('Control Point',(545.608347526,171.85530221,388.981586048)) ;
#1571=CARTESIAN_POINT('Control Point',(547.929264795,170.268519923,389.886681037)) ;
#1572=CARTESIAN_POINT('Control Point',(550.207566479,168.485092228,390.497508498)) ;
#1573=CARTESIAN_POINT('Control Point',(554.593750499,164.593750434,391.108287403)) ;
#1574=CARTESIAN_POINT('Control Point',(558.485092281,160.207566426,390.497508498)) ;
#1575=CARTESIAN_POINT('Control Point',(560.268519964,157.929264754,389.886681037)) ;
#1576=CARTESIAN_POINT('Control Point',(561.855302233,155.608347503,388.981586048)) ;
#1577=CARTESIAN_POINT('Control Point',(563.218578736,153.287431384,387.803605712)) ;
#1578=CARTESIAN_POINT('Control Point',(545.361851203,178.40462785,382.570329774)) ;
#1579=CARTESIAN_POINT('Control Point',(548.230367075,177.1623056,384.040041465)) ;
#1580=CARTESIAN_POINT('Control Point',(551.098887657,175.55418573,385.182198356)) ;
#1581=CARTESIAN_POINT('Control Point',(553.892595226,173.614946325,385.957611403)) ;
#1582=CARTESIAN_POINT('Control Point',(559.180939377,169.180939414,386.73287946)) ;
#1583=CARTESIAN_POINT('Control Point',(563.614946295,163.892595257,385.957611402)) ;
#1584=CARTESIAN_POINT('Control Point',(565.554185707,161.09888768,385.182198356)) ;
#1585=CARTESIAN_POINT('Control Point',(567.162305587,158.230367089,384.040041465)) ;
#1586=CARTESIAN_POINT('Control Point',(568.40462785,155.361851203,382.570329774)) ;
#1587=CARTESIAN_POINT('Control Point',(547.031571512,182.578928872,376.420410249)) ;
#1588=CARTESIAN_POINT('Control Point',(550.454869141,181.618511507,377.974516506)) ;
#1589=CARTESIAN_POINT('Control Point',(553.878182768,180.128888924,379.195460821)) ;
#1590=CARTESIAN_POINT('Control Point',(557.183576999,178.143487542,380.029188741)) ;
#1591=CARTESIAN_POINT('Control Point',(563.323315807,173.323315785,380.862640809)) ;
#1592=CARTESIAN_POINT('Control Point',(568.14348756,167.183576982,380.029188741)) ;
#1593=CARTESIAN_POINT('Control Point',(570.128888938,163.878182755,379.195460821)) ;
#1594=CARTESIAN_POINT('Control Point',(571.618511514,160.454869133,377.974516506)) ;
#1595=CARTESIAN_POINT('Control Point',(572.578928872,157.031571512,376.420410249)) ;
#1596=CARTESIAN_POINT('Control Point',(547.580693555,183.951733952,374.070528507)) ;
#1597=CARTESIAN_POINT('Control Point',(551.20386056,183.11140993,375.620107458)) ;
#1598=CARTESIAN_POINT('Control Point',(554.827048897,181.681328558,376.842252368)) ;
#1599=CARTESIAN_POINT('Control Point',(558.315455815,179.692998693,377.678546572)) ;
#1600=CARTESIAN_POINT('Control Point',(564.753983948,174.753983923,378.514516259)) ;
#1601=CARTESIAN_POINT('Control Point',(569.692998714,168.315455794,377.678546572)) ;
#1602=CARTESIAN_POINT('Control Point',(571.681328573,164.827048881,376.842252368)) ;
#1603=CARTESIAN_POINT('Control Point',(573.111409939,161.203860551,375.620107458)) ;
#1604=CARTESIAN_POINT('Control Point',(573.951733952,157.580693555,374.070528507)) ;
#1605=CARTESIAN_POINT('Control Point',(548.756355018,186.890887454,368.144142676)) ;
#1606=CARTESIAN_POINT('Control Point',(552.844987367,186.364598976,369.57693566)) ;
#1607=CARTESIAN_POINT('Control Point',(556.933657216,185.105878328,370.717084236)) ;
#1608=CARTESIAN_POINT('Control Point',(560.845490497,183.138062802,371.501017649)) ;
#1609=CARTESIAN_POINT('Control Point',(567.96329786,177.963297896,372.284535808)) ;
#1610=CARTESIAN_POINT('Control Point',(573.138062772,170.845490527,371.501017649)) ;
#1611=CARTESIAN_POINT('Control Point',(575.105878306,166.933657238,370.717084236)) ;
#1612=CARTESIAN_POINT('Control Point',(576.364598963,162.844987379,369.57693566)) ;
#1613=CARTESIAN_POINT('Control Point',(576.890887455,158.756355018,368.144142676)) ;
#1614=CARTESIAN_POINT('Control Point',(549.535671082,188.839177832,361.742785782)) ;
#1615=CARTESIAN_POINT('Control Point',(553.998744372,188.619489367,362.800100836)) ;
#1616=CARTESIAN_POINT('Control Point',(558.461875174,187.551044114,363.647542189)) ;
#1617=CARTESIAN_POINT('Control Point',(562.709727841,185.644084855,364.232518119)) ;
#1618=CARTESIAN_POINT('Control Point',(570.346616489,180.346616437,364.81710521)) ;
#1619=CARTESIAN_POINT('Control Point',(575.644084898,172.709727799,364.232518119)) ;
#1620=CARTESIAN_POINT('Control Point',(577.551044146,168.461875142,363.647542189)) ;
#1621=CARTESIAN_POINT('Control Point',(578.619489385,163.998744354,362.800100836)) ;
#1622=CARTESIAN_POINT('Control Point',(578.839177832,159.535671082,361.742785782)) ;
#1623=CARTESIAN_POINT('Control Point',(549.845201968,189.613004921,357.868876245)) ;
#1624=CARTESIAN_POINT('Control Point',(554.47477382,189.540199333,358.611144452)) ;
#1625=CARTESIAN_POINT('Control Point',(559.104414649,188.567680249,359.207786674)) ;
#1626=CARTESIAN_POINT('Control Point',(563.500542674,186.697891599,359.620299258)) ;
#1627=CARTESIAN_POINT('Control Point',(571.361510219,181.361510215,360.0325124)) ;
#1628=CARTESIAN_POINT('Control Point',(576.697891602,173.500542671,359.620299258)) ;
#1629=CARTESIAN_POINT('Control Point',(578.567680251,169.104414647,359.207786674)) ;
#1630=CARTESIAN_POINT('Control Point',(579.540199335,164.474773819,358.611144452)) ;
#1631=CARTESIAN_POINT('Control Point',(579.613004921,159.845201968,357.868876245)) ;
#1632=CARTESIAN_POINT('Control Point',(550.,190.,353.934438101)) ;
#1633=CARTESIAN_POINT('Control Point',(554.71238898,190.,354.305250156)) ;
#1634=CARTESIAN_POINT('Control Point',(559.424852619,189.074932212,354.603275646)) ;
#1635=CARTESIAN_POINT('Control Point',(563.894757322,187.223406137,354.809312619)) ;
#1636=CARTESIAN_POINT('Control Point',(571.867325142,181.867325142,355.015200728)) ;
#1637=CARTESIAN_POINT('Control Point',(577.223406137,173.894757322,354.809312619)) ;
#1638=CARTESIAN_POINT('Control Point',(579.074932212,169.424852619,354.603275646)) ;
#1639=CARTESIAN_POINT('Control Point',(580.,164.71238898,354.305250156)) ;
#1640=CARTESIAN_POINT('Control Point',(580.,160.,353.934438101)) ;
#1641=CARTESIAN_POINT('Control Point',(550.,190.,350.)) ;
#1642=CARTESIAN_POINT('Control Point',(554.71238898,190.,350.)) ;
#1643=CARTESIAN_POINT('Control Point',(559.424852619,189.074932212,350.)) ;
#1644=CARTESIAN_POINT('Control Point',(563.894757322,187.223406137,350.)) ;
#1645=CARTESIAN_POINT('Control Point',(571.867325142,181.867325142,350.)) ;
#1646=CARTESIAN_POINT('Control Point',(577.223406137,173.894757322,350.)) ;
#1647=CARTESIAN_POINT('Control Point',(579.074932212,169.424852619,350.)) ;
#1648=CARTESIAN_POINT('Control Point',(580.,164.71238898,350.)) ;
#1649=CARTESIAN_POINT('Control Point',(580.,160.,350.)) ;
#1651=CARTESIAN_POINT('Control Point',(530.,140.,400.)) ;
#1652=CARTESIAN_POINT('Control Point',(530.001365454,140.003413635,400.)) ;
#1653=CARTESIAN_POINT('Control Point',(530.002730908,140.00682727,399.999999709)) ;
#1654=CARTESIAN_POINT('Control Point',(530.004096337,140.010240842,399.999999126)) ;
#1655=CARTESIAN_POINT('Control Point',(530.163821203,140.409553007,399.999896905)) ;
#1656=CARTESIAN_POINT('Control Point',(530.323519786,140.808799464,399.995808863)) ;
#1657=CARTESIAN_POINT('Control Point',(530.479980138,141.199950348,399.987951122)) ;
#1658=CARTESIAN_POINT('Control Point',(532.255046673,145.637616655,399.85505386)) ;
#1659=CARTESIAN_POINT('Control Point',(534.02334422,150.058360817,399.229670939)) ;
#1660=CARTESIAN_POINT('Control Point',(535.609507494,154.023769,398.252464511)) ;
#1661=CARTESIAN_POINT('Control Point',(538.863317677,162.158293899,395.342741985)) ;
#1662=CARTESIAN_POINT('Control Point',(541.83196092,169.579902624,390.704041803)) ;
#1663=CARTESIAN_POINT('Control Point',(543.287431384,173.218578736,387.803605711)) ;
#1664=CARTESIAN_POINT('Control Point',(545.361851203,178.40462785,382.570329774)) ;
#1665=CARTESIAN_POINT('Control Point',(547.031571512,182.578928872,376.420410249)) ;
#1666=CARTESIAN_POINT('Control Point',(547.580693555,183.951733952,374.070528507)) ;
#1667=CARTESIAN_POINT('Control Point',(548.756355018,186.890887454,368.144142676)) ;
#1668=CARTESIAN_POINT('Control Point',(549.535671082,188.839177832,361.742785782)) ;
#1669=CARTESIAN_POINT('Control Point',(549.845201968,189.613004921,357.868876245)) ;
#1670=CARTESIAN_POINT('Control Point',(550.,190.,353.934438101)) ;
#1671=CARTESIAN_POINT('Control Point',(550.,190.,350.)) ;
#1679=CARTESIAN_POINT('Axis2P3D Location',(580.,-1010.,0.)) ;
#1684=CARTESIAN_POINT('Line Origine',(-790.,-1010.,100.)) ;
#1688=CARTESIAN_POINT('Vertex',(-790.,-1010.,30.)) ;
#1691=CARTESIAN_POINT('Line Origine',(-120.,-1010.,30.)) ;
#1696=CARTESIAN_POINT('Line Origine',(355.,-1010.,350.)) ;
#1711=CARTESIAN_POINT('Axis2P3D Location',(-120.,-980.,30.)) ;
#1716=CARTESIAN_POINT('Axis2P3D Location',(-790.,-980.,30.)) ;
#1720=CARTESIAN_POINT('Vertex',(-790.,-980.,0.)) ;
#1723=CARTESIAN_POINT('Line Origine',(-120.,-980.,-7.1054273576E-15)) ;
#1735=CARTESIAN_POINT('Axis2P3D Location',(-790.,-980.,30.)) ;
#1740=CARTESIAN_POINT('Axis2P3D Location',(-790.,-980.,30.)) ;
#1744=CARTESIAN_POINT('Vertex',(-820.,-980.,30.)) ;
#1747=CARTESIAN_POINT('Axis2P3D Location',(-790.,-980.,30.)) ;
#1758=CARTESIAN_POINT('Axis2P3D Location',(-790.,-980.,175.)) ;
#1763=CARTESIAN_POINT('Line Origine',(-820.,-980.,175.)) ;
#1775=CARTESIAN_POINT('Axis2P3D Location',(-120.,-960.,350.)) ;
#1780=CARTESIAN_POINT('Line Origine',(-120.,-960.,400.)) ;
#1792=CARTESIAN_POINT('Axis2P3D Location',(0.,0.,0.)) ;
#1797=CARTESIAN_POINT('Line Origine',(-120.,160.,0.)) ;
#1801=CARTESIAN_POINT('Vertex',(-790.,160.,0.)) ;
#1804=CARTESIAN_POINT('Line Origine',(-790.,-410.,0.)) ;
#1816=CARTESIAN_POINT('Axis2P3D Location',(-120.,160.,30.)) ;
#1821=CARTESIAN_POINT('Axis2P3D Location',(-790.,160.,30.)) ;
#1825=CARTESIAN_POINT('Vertex',(-790.,190.,30.)) ;
#1828=CARTESIAN_POINT('Line Origine',(-120.,190.,30.)) ;
#1840=CARTESIAN_POINT('Axis2P3D Location',(-790.,160.,30.)) ;
#1845=CARTESIAN_POINT('Axis2P3D Location',(-790.,160.,30.)) ;
#1849=CARTESIAN_POINT('Vertex',(-820.,160.,30.)) ;
#1852=CARTESIAN_POINT('Axis2P3D Location',(-790.,160.,30.)) ;
#1863=CARTESIAN_POINT('Axis2P3D Location',(-790.,-410.,30.)) ;
#1868=CARTESIAN_POINT('Line Origine',(-820.,-410.,30.)) ;
#1880=CARTESIAN_POINT('Axis2P3D Location',(-820.,190.,0.)) ;
#1885=CARTESIAN_POINT('Line Origine',(-790.,190.,100.)) ;
#1890=CARTESIAN_POINT('Line Origine',(355.,190.,350.)) ;
#1905=CARTESIAN_POINT('Axis2P3D Location',(-790.,160.,175.)) ;
#1910=CARTESIAN_POINT('Line Origine',(-820.,160.,175.)) ;
#1922=CARTESIAN_POINT('Axis2P3D Location',(-120.,140.,350.)) ;
#1927=CARTESIAN_POINT('Line Origine',(-120.,140.,400.)) ;
#1939=CARTESIAN_POINT('Axis2P3D Location',(0.,0.,400.)) ;
#1951=CARTESIAN_POINT('Axis2P3D Location',(-820.,190.,0.)) ;
#1965=CARTESIAN_POINT('Line Origine',(-820.,-410.,0.)) ;
#1969=CARTESIAN_POINT('Limit',(-820.,190.,0.)) ;
#1970=CARTESIAN_POINT('Limit',(-820.,-1010.,0.)) ;
#1973=CARTESIAN_POINT('Line Origine',(-120.,-1010.,0.)) ;
#1977=CARTESIAN_POINT('Limit',(-820.,-1010.,0.)) ;
#1978=CARTESIAN_POINT('Limit',(580.,-1010.,0.)) ;
#1981=CARTESIAN_POINT('Line Origine',(580.,-410.,0.)) ;
#1985=CARTESIAN_POINT('Limit',(580.,-1010.,0.)) ;
#1986=CARTESIAN_POINT('Limit',(580.,190.,0.)) ;
#1989=CARTESIAN_POINT('Line Origine',(-120.,190.,0.)) ;
#1993=CARTESIAN_POINT('Limit',(580.,190.,0.)) ;
#1994=CARTESIAN_POINT('Limit',(-820.,190.,0.)) ;
#27=SURFACE_STYLE_USAGE(.POSITIVE.,#26) ;
#26=SURFACE_SIDE_STYLE(' ',(#25)) ;
#25=SURFACE_STYLE_FILL_AREA(#24) ;
#1997=COMPOSITE_CURVE('Sketch.1',(#1972,#1980,#1988,#1996),.U.) ;
#1972=COMPOSITE_CURVE_SEGMENT(.CONTINUOUS.,.T.,#1971) ;
#1980=COMPOSITE_CURVE_SEGMENT(.CONTINUOUS.,.T.,#1979) ;
#1988=COMPOSITE_CURVE_SEGMENT(.CONTINUOUS.,.T.,#1987) ;
#1996=COMPOSITE_CURVE_SEGMENT(.DISCONTINUOUS.,.T.,#1995) ;
#1971=TRIMMED_CURVE('',#1968,(#1969),(#1970),.T.,.CARTESIAN.) ;
#1979=TRIMMED_CURVE('',#1976,(#1977),(#1978),.F.,.CARTESIAN.) ;
#1987=TRIMMED_CURVE('',#1984,(#1985),(#1986),.T.,.CARTESIAN.) ;
#1995=TRIMMED_CURVE('',#1992,(#1993),(#1994),.F.,.CARTESIAN.) ;
#1964=SHAPE_REPRESENTATION_RELATIONSHIP(' ',' ',#19,#1963) ;
#2005=SHAPE_REPRESENTATION_RELATIONSHIP(' ',' ',#19,#2003) ;
#18=AXIS2_PLACEMENT_3D(' ',#17,$,$) ;
#34=AXIS2_PLACEMENT_3D('Plane Axis2P3D',#31,#32,#33) ;
#38=AXIS2_PLACEMENT_3D('Circle Axis2P3D',#36,#37,$) ;
#54=AXIS2_PLACEMENT_3D('Circle Axis2P3D',#52,#53,$) ;
#90=AXIS2_PLACEMENT_3D('Cylinder Axis2P3D',#87,#88,#89) ;
#94=AXIS2_PLACEMENT_3D('Circle Axis2P3D',#92,#93,$) ;
#108=AXIS2_PLACEMENT_3D('Circle Axis2P3D',#106,#107,$) ;
#121=AXIS2_PLACEMENT_3D('Sphere Axis2P3D',#118,#119,#120) ;
#125=AXIS2_PLACEMENT_3D('Circle Axis2P3D',#123,#124,$) ;
#132=AXIS2_PLACEMENT_3D('Circle Axis2P3D',#130,#131,$) ;
#144=AXIS2_PLACEMENT_3D('Cylinder Axis2P3D',#141,#142,#143) ;
#148=AXIS2_PLACEMENT_3D('Circle Axis2P3D',#146,#147,$) ;
#162=AXIS2_PLACEMENT_3D('Circle Axis2P3D',#160,#161,$) ;
#175=AXIS2_PLACEMENT_3D('Sphere Axis2P3D',#172,#173,#174) ;
#179=AXIS2_PLACEMENT_3D('Circle Axis2P3D',#177,#178,$) ;
#186=AXIS2_PLACEMENT_3D('Circle Axis2P3D',#184,#185,$) ;
#198=AXIS2_PLACEMENT_3D('Cylinder Axis2P3D',#195,#196,#197) ;
#215=AXIS2_PLACEMENT_3D('Cylinder Axis2P3D',#212,#213,#214) ;
#228=AXIS2_PLACEMENT_3D('Circle Axis2P3D',#226,#227,$) ;
#233=AXIS2_PLACEMENT_3D('Circle Axis2P3D',#231,#232,$) ;
#246=AXIS2_PLACEMENT_3D('Torus Axis2P3D',#243,#244,#245) ;
#281=AXIS2_PLACEMENT_3D('Circle Axis2P3D',#279,#280,$) ;
#546=AXIS2_PLACEMENT_3D('Torus Axis2P3D',#543,#544,#545) ;
#581=AXIS2_PLACEMENT_3D('Circle Axis2P3D',#579,#580,$) ;
#876=AXIS2_PLACEMENT_3D('Plane Axis2P3D',#873,#874,#875) ;
#907=AXIS2_PLACEMENT_3D('Cylinder Axis2P3D',#904,#905,#906) ;
#918=AXIS2_PLACEMENT_3D('Circle Axis2P3D',#916,#917,$) ;
#931=AXIS2_PLACEMENT_3D('Sphere Axis2P3D',#928,#929,#930) ;
#935=AXIS2_PLACEMENT_3D('Circle Axis2P3D',#933,#934,$) ;
#942=AXIS2_PLACEMENT_3D('Circle Axis2P3D',#940,#941,$) ;
#954=AXIS2_PLACEMENT_3D('Cylinder Axis2P3D',#951,#952,#953) ;
#958=AXIS2_PLACEMENT_3D('Circle Axis2P3D',#956,#957,$) ;
#978=AXIS2_PLACEMENT_3D('Sphere Axis2P3D',#975,#976,#977) ;
#982=AXIS2_PLACEMENT_3D('Circle Axis2P3D',#980,#981,$) ;
#989=AXIS2_PLACEMENT_3D('Circle Axis2P3D',#987,#988,$) ;
#1001=AXIS2_PLACEMENT_3D('Cylinder Axis2P3D',#998,#999,#1000) ;
#1018=AXIS2_PLACEMENT_3D('Plane Axis2P3D',#1015,#1016,#1017) ;
#1058=AXIS2_PLACEMENT_3D('Cylinder Axis2P3D',#1055,#1056,#1057) ;
#1062=AXIS2_PLACEMENT_3D('Circle Axis2P3D',#1060,#1061,$) ;
#1076=AXIS2_PLACEMENT_3D('Circle Axis2P3D',#1074,#1075,$) ;
#1089=AXIS2_PLACEMENT_3D('Sphere Axis2P3D',#1086,#1087,#1088) ;
#1093=AXIS2_PLACEMENT_3D('Circle Axis2P3D',#1091,#1092,$) ;
#1100=AXIS2_PLACEMENT_3D('Circle Axis2P3D',#1098,#1099,$) ;
#1112=AXIS2_PLACEMENT_3D('Cylinder Axis2P3D',#1109,#1110,#1111) ;
#1116=AXIS2_PLACEMENT_3D('Circle Axis2P3D',#1114,#1115,$) ;
#1136=AXIS2_PLACEMENT_3D('Sphere Axis2P3D',#1133,#1134,#1135) ;
#1140=AXIS2_PLACEMENT_3D('Circle Axis2P3D',#1138,#1139,$) ;
#1147=AXIS2_PLACEMENT_3D('Circle Axis2P3D',#1145,#1146,$) ;
#1159=AXIS2_PLACEMENT_3D('Cylinder Axis2P3D',#1156,#1157,#1158) ;
#1170=AXIS2_PLACEMENT_3D('Circle Axis2P3D',#1168,#1169,$) ;
#1183=AXIS2_PLACEMENT_3D('Cylinder Axis2P3D',#1180,#1181,#1182) ;
#1682=AXIS2_PLACEMENT_3D('Plane Axis2P3D',#1679,#1680,#1681) ;
#1714=AXIS2_PLACEMENT_3D('Cylinder Axis2P3D',#1711,#1712,#1713) ;
#1718=AXIS2_PLACEMENT_3D('Circle Axis2P3D',#1716,#1717,$) ;
#1738=AXIS2_PLACEMENT_3D('Sphere Axis2P3D',#1735,#1736,#1737) ;
#1742=AXIS2_PLACEMENT_3D('Circle Axis2P3D',#1740,#1741,$) ;
#1749=AXIS2_PLACEMENT_3D('Circle Axis2P3D',#1747,#1748,$) ;
#1761=AXIS2_PLACEMENT_3D('Cylinder Axis2P3D',#1758,#1759,#1760) ;
#1778=AXIS2_PLACEMENT_3D('Cylinder Axis2P3D',#1775,#1776,#1777) ;
#1795=AXIS2_PLACEMENT_3D('Plane Axis2P3D',#1792,#1793,#1794) ;
#1819=AXIS2_PLACEMENT_3D('Cylinder Axis2P3D',#1816,#1817,#1818) ;
#1823=AXIS2_PLACEMENT_3D('Circle Axis2P3D',#1821,#1822,$) ;
#1843=AXIS2_PLACEMENT_3D('Sphere Axis2P3D',#1840,#1841,#1842) ;
#1847=AXIS2_PLACEMENT_3D('Circle Axis2P3D',#1845,#1846,$) ;
#1854=AXIS2_PLACEMENT_3D('Circle Axis2P3D',#1852,#1853,$) ;
#1866=AXIS2_PLACEMENT_3D('Cylinder Axis2P3D',#1863,#1864,#1865) ;
#1883=AXIS2_PLACEMENT_3D('Plane Axis2P3D',#1880,#1881,#1882) ;
#1908=AXIS2_PLACEMENT_3D('Cylinder Axis2P3D',#1905,#1906,#1907) ;
#1925=AXIS2_PLACEMENT_3D('Cylinder Axis2P3D',#1922,#1923,#1924) ;
#1942=AXIS2_PLACEMENT_3D('Plane Axis2P3D',#1939,#1940,#1941) ;
#1954=AXIS2_PLACEMENT_3D('Plane Axis2P3D',#1951,#1952,#1953) ;
#39=CIRCLE('generated circle',#38,100.) ;
#55=CIRCLE('generated circle',#54,100.) ;
#95=CIRCLE('generated circle',#94,30.) ;
#109=CIRCLE('generated circle',#108,30.) ;
#126=CIRCLE('generated circle',#125,30.) ;
#133=CIRCLE('generated circle',#132,30.) ;
#149=CIRCLE('generated circle',#148,30.) ;
#163=CIRCLE('generated circle',#162,30.) ;
#180=CIRCLE('generated circle',#179,30.) ;
#187=CIRCLE('generated circle',#186,30.) ;
#229=CIRCLE('generated circle',#228,50.) ;
#234=CIRCLE('generated circle',#233,50.) ;
#282=CIRCLE('generated circle',#281,50.) ;
#582=CIRCLE('generated circle',#581,50.) ;
#919=CIRCLE('generated circle',#918,50.) ;
#936=CIRCLE('generated circle',#935,50.) ;
#943=CIRCLE('generated circle',#942,50.) ;
#959=CIRCLE('generated circle',#958,50.) ;
#983=CIRCLE('generated circle',#982,50.) ;
#990=CIRCLE('generated circle',#989,50.) ;
#1063=CIRCLE('generated circle',#1062,30.) ;
#1077=CIRCLE('generated circle',#1076,30.) ;
#1094=CIRCLE('generated circle',#1093,30.) ;
#1101=CIRCLE('generated circle',#1100,30.) ;
#1117=CIRCLE('generated circle',#1116,30.) ;
#1141=CIRCLE('generated circle',#1140,30.) ;
#1148=CIRCLE('generated circle',#1147,30.) ;
#1171=CIRCLE('generated circle',#1170,30.) ;
#1719=CIRCLE('generated circle',#1718,30.) ;
#1743=CIRCLE('generated circle',#1742,30.) ;
#1750=CIRCLE('generated circle',#1749,30.) ;
#1824=CIRCLE('generated circle',#1823,30.) ;
#1848=CIRCLE('generated circle',#1847,30.) ;
#1855=CIRCLE('generated circle',#1854,30.) ;
#91=CYLINDRICAL_SURFACE('generated cylinder',#90,30.) ;
#145=CYLINDRICAL_SURFACE('generated cylinder',#144,30.) ;
#199=CYLINDRICAL_SURFACE('generated cylinder',#198,30.) ;
#216=CYLINDRICAL_SURFACE('generated cylinder',#215,50.) ;
#908=CYLINDRICAL_SURFACE('generated cylinder',#907,50.) ;
#955=CYLINDRICAL_SURFACE('generated cylinder',#954,50.) ;
#1002=CYLINDRICAL_SURFACE('generated cylinder',#1001,50.) ;
#1059=CYLINDRICAL_SURFACE('generated cylinder',#1058,30.) ;
#1113=CYLINDRICAL_SURFACE('generated cylinder',#1112,30.) ;
#1160=CYLINDRICAL_SURFACE('generated cylinder',#1159,30.) ;
#1184=CYLINDRICAL_SURFACE('generated cylinder',#1183,50.) ;
#1715=CYLINDRICAL_SURFACE('generated cylinder',#1714,30.) ;
#1762=CYLINDRICAL_SURFACE('generated cylinder',#1761,30.) ;
#1779=CYLINDRICAL_SURFACE('generated cylinder',#1778,50.) ;
#1820=CYLINDRICAL_SURFACE('generated cylinder',#1819,30.) ;
#1867=CYLINDRICAL_SURFACE('generated cylinder',#1866,30.) ;
#1909=CYLINDRICAL_SURFACE('generated cylinder',#1908,30.) ;
#1926=CYLINDRICAL_SURFACE('generated cylinder',#1925,50.) ;
#48=LINE('Line',#45,#47) ;
#62=LINE('Line',#59,#61) ;
#69=LINE('Line',#66,#68) ;
#76=LINE('Line',#73,#75) ;
#102=LINE('Line',#99,#101) ;
#156=LINE('Line',#153,#155) ;
#203=LINE('Line',#200,#202) ;
#220=LINE('Line',#217,#219) ;
#881=LINE('Line',#878,#880) ;
#888=LINE('Line',#885,#887) ;
#895=LINE('Line',#892,#894) ;
#912=LINE('Line',#909,#911) ;
#966=LINE('Line',#963,#965) ;
#1006=LINE('Line',#1003,#1005) ;
#1023=LINE('Line',#1020,#1022) ;
#1032=LINE('Line',#1029,#1031) ;
#1039=LINE('Line',#1036,#1038) ;
#1046=LINE('Line',#1043,#1045) ;
#1070=LINE('Line',#1067,#1069) ;
#1124=LINE('Line',#1121,#1123) ;
#1164=LINE('Line',#1161,#1163) ;
#1188=LINE('Line',#1185,#1187) ;
#1687=LINE('Line',#1684,#1686) ;
#1694=LINE('Line',#1691,#1693) ;
#1699=LINE('Line',#1696,#1698) ;
#1726=LINE('Line',#1723,#1725) ;
#1766=LINE('Line',#1763,#1765) ;
#1783=LINE('Line',#1780,#1782) ;
#1800=LINE('Line',#1797,#1799) ;
#1807=LINE('Line',#1804,#1806) ;
#1831=LINE('Line',#1828,#1830) ;
#1871=LINE('Line',#1868,#1870) ;
#1888=LINE('Line',#1885,#1887) ;
#1893=LINE('Line',#1890,#1892) ;
#1913=LINE('Line',#1910,#1912) ;
#1930=LINE('Line',#1927,#1929) ;
#1968=LINE('Line',#1965,#1967) ;
#1976=LINE('Line',#1973,#1975) ;
#1984=LINE('Line',#1981,#1983) ;
#1992=LINE('Line',#1989,#1991) ;
#35=PLANE('',#34) ;
#877=PLANE('',#876) ;
#1019=PLANE('',#1018) ;
#1683=PLANE('',#1682) ;
#1796=PLANE('',#1795) ;
#1884=PLANE('',#1883) ;
#1943=PLANE('',#1942) ;
#1955=PLANE('',#1954) ;
#122=SPHERICAL_SURFACE('',#121,30.) ;
#176=SPHERICAL_SURFACE('',#175,30.) ;
#932=SPHERICAL_SURFACE('',#931,50.) ;
#979=SPHERICAL_SURFACE('',#978,50.) ;
#1090=SPHERICAL_SURFACE('',#1089,30.) ;
#1137=SPHERICAL_SURFACE('',#1136,30.) ;
#1739=SPHERICAL_SURFACE('',#1738,30.) ;
#1844=SPHERICAL_SURFACE('',#1843,30.) ;
#247=TOROIDAL_SURFACE('homeo Torus',#246,100.,50.) ;
#547=TOROIDAL_SURFACE('homeo Torus',#546,100.,50.) ;
#44=EDGE_CURVE('',#41,#43,#39,.T.) ;
#51=EDGE_CURVE('',#43,#50,#48,.F.) ;
#58=EDGE_CURVE('',#50,#57,#55,.T.) ;
#65=EDGE_CURVE('',#57,#64,#62,.F.) ;
#72=EDGE_CURVE('',#64,#71,#69,.T.) ;
#77=EDGE_CURVE('',#71,#41,#76,.T.) ;
#98=EDGE_CURVE('',#71,#97,#95,.T.) ;
#105=EDGE_CURVE('',#97,#104,#102,.T.) ;
#110=EDGE_CURVE('',#41,#104,#109,.T.) ;
#129=EDGE_CURVE('',#128,#97,#126,.T.) ;
#134=EDGE_CURVE('',#128,#71,#133,.F.) ;
#152=EDGE_CURVE('',#57,#151,#149,.F.) ;
#159=EDGE_CURVE('',#151,#158,#156,.F.) ;
#164=EDGE_CURVE('',#64,#158,#163,.F.) ;
#183=EDGE_CURVE('',#182,#158,#180,.T.) ;
#188=EDGE_CURVE('',#64,#182,#187,.F.) ;
#204=EDGE_CURVE('',#182,#128,#203,.T.) ;
#225=EDGE_CURVE('',#222,#224,#220,.F.) ;
#230=EDGE_CURVE('',#224,#50,#229,.F.) ;
#235=EDGE_CURVE('',#222,#43,#234,.F.) ;
#278=EDGE_CURVE('',#41,#277,#248,.F.) ;
#283=EDGE_CURVE('',#277,#222,#282,.T.) ;
#536=EDGE_CURVE('',#104,#277,#508,.F.) ;
#578=EDGE_CURVE('',#577,#57,#548,.F.) ;
#583=EDGE_CURVE('',#224,#577,#582,.T.) ;
#866=EDGE_CURVE('',#577,#151,#835,.F.) ;
#884=EDGE_CURVE('',#883,#222,#881,.T.) ;
#891=EDGE_CURVE('',#890,#883,#888,.T.) ;
#896=EDGE_CURVE('',#224,#890,#895,.F.) ;
#915=EDGE_CURVE('',#914,#277,#912,.T.) ;
#920=EDGE_CURVE('',#914,#883,#919,.T.) ;
#939=EDGE_CURVE('',#938,#883,#936,.T.) ;
#944=EDGE_CURVE('',#938,#914,#943,.F.) ;
#962=EDGE_CURVE('',#961,#890,#959,.F.) ;
#967=EDGE_CURVE('',#577,#961,#966,.F.) ;
#986=EDGE_CURVE('',#985,#890,#983,.T.) ;
#991=EDGE_CURVE('',#961,#985,#990,.F.) ;
#1007=EDGE_CURVE('',#985,#938,#1006,.T.) ;
#1028=EDGE_CURVE('',#1025,#1027,#1023,.T.) ;
#1035=EDGE_CURVE('',#1034,#1027,#1032,.T.) ;
#1042=EDGE_CURVE('',#1041,#1034,#1039,.T.) ;
#1047=EDGE_CURVE('',#1025,#1041,#1046,.F.) ;
#1066=EDGE_CURVE('',#1065,#1034,#1063,.T.) ;
#1073=EDGE_CURVE('',#1072,#1065,#1070,.T.) ;
#1078=EDGE_CURVE('',#1041,#1072,#1077,.F.) ;
#1097=EDGE_CURVE('',#1096,#1041,#1094,.F.) ;
#1102=EDGE_CURVE('',#1096,#1072,#1101,.F.) ;
#1120=EDGE_CURVE('',#1119,#1025,#1117,.F.) ;
#1125=EDGE_CURVE('',#1119,#1096,#1124,.F.) ;
#1144=EDGE_CURVE('',#1119,#1143,#1141,.F.) ;
#1149=EDGE_CURVE('',#1143,#1025,#1148,.T.) ;
#1167=EDGE_CURVE('',#1143,#1166,#1164,.T.) ;
#1172=EDGE_CURVE('',#1027,#1166,#1171,.T.) ;
#1193=EDGE_CURVE('',#1190,#1192,#1188,.T.) ;
#1213=EDGE_CURVE('',#1034,#1190,#1194,.F.) ;
#1233=EDGE_CURVE('',#1027,#1192,#1214,.F.) ;
#1453=EDGE_CURVE('',#1065,#1190,#1431,.F.) ;
#1672=EDGE_CURVE('',#1166,#1192,#1650,.F.) ;
#1690=EDGE_CURVE('',#1689,#97,#1687,.T.) ;
#1695=EDGE_CURVE('',#1072,#1689,#1694,.T.) ;
#1700=EDGE_CURVE('',#914,#1065,#1699,.F.) ;
#1722=EDGE_CURVE('',#1721,#1689,#1719,.T.) ;
#1727=EDGE_CURVE('',#1096,#1721,#1726,.T.) ;
#1746=EDGE_CURVE('',#1745,#1689,#1743,.T.) ;
#1751=EDGE_CURVE('',#1721,#1745,#1750,.F.) ;
#1767=EDGE_CURVE('',#1745,#128,#1766,.T.) ;
#1784=EDGE_CURVE('',#938,#1190,#1783,.F.) ;
#1803=EDGE_CURVE('',#1802,#1119,#1800,.T.) ;
#1808=EDGE_CURVE('',#1802,#1721,#1807,.T.) ;
#1827=EDGE_CURVE('',#1802,#1826,#1824,.T.) ;
#1832=EDGE_CURVE('',#1826,#1143,#1831,.T.) ;
#1851=EDGE_CURVE('',#1850,#1826,#1848,.T.) ;
#1856=EDGE_CURVE('',#1850,#1802,#1855,.F.) ;
#1872=EDGE_CURVE('',#1850,#1745,#1871,.T.) ;
#1889=EDGE_CURVE('',#158,#1826,#1888,.F.) ;
#1894=EDGE_CURVE('',#1166,#961,#1893,.F.) ;
#1914=EDGE_CURVE('',#182,#1850,#1913,.F.) ;
#1931=EDGE_CURVE('',#1192,#985,#1930,.F.) ;
#2004=GEOMETRIC_SET('NONE',(#1997)) ;
#79=ORIENTED_EDGE('',*,*,#44,.T.) ;
#80=ORIENTED_EDGE('',*,*,#51,.T.) ;
#81=ORIENTED_EDGE('',*,*,#58,.T.) ;
#82=ORIENTED_EDGE('',*,*,#65,.T.) ;
#83=ORIENTED_EDGE('',*,*,#72,.T.) ;
#84=ORIENTED_EDGE('',*,*,#77,.T.) ;
#112=ORIENTED_EDGE('',*,*,#98,.T.) ;
#113=ORIENTED_EDGE('',*,*,#105,.T.) ;
#114=ORIENTED_EDGE('',*,*,#110,.F.) ;
#115=ORIENTED_EDGE('',*,*,#77,.F.) ;
#136=ORIENTED_EDGE('',*,*,#129,.T.) ;
#137=ORIENTED_EDGE('',*,*,#98,.F.) ;
#138=ORIENTED_EDGE('',*,*,#134,.F.) ;
#166=ORIENTED_EDGE('',*,*,#152,.T.) ;
#167=ORIENTED_EDGE('',*,*,#159,.T.) ;
#168=ORIENTED_EDGE('',*,*,#164,.F.) ;
#169=ORIENTED_EDGE('',*,*,#65,.F.) ;
#190=ORIENTED_EDGE('',*,*,#164,.T.) ;
#191=ORIENTED_EDGE('',*,*,#183,.F.) ;
#192=ORIENTED_EDGE('',*,*,#188,.F.) ;
#206=ORIENTED_EDGE('',*,*,#188,.T.) ;
#207=ORIENTED_EDGE('',*,*,#204,.T.) ;
#208=ORIENTED_EDGE('',*,*,#134,.T.) ;
#209=ORIENTED_EDGE('',*,*,#72,.F.) ;
#237=ORIENTED_EDGE('',*,*,#225,.T.) ;
#238=ORIENTED_EDGE('',*,*,#230,.T.) ;
#239=ORIENTED_EDGE('',*,*,#51,.F.) ;
#240=ORIENTED_EDGE('',*,*,#235,.F.) ;
#285=ORIENTED_EDGE('',*,*,#278,.T.) ;
#286=ORIENTED_EDGE('',*,*,#283,.T.) ;
#287=ORIENTED_EDGE('',*,*,#235,.T.) ;
#288=ORIENTED_EDGE('',*,*,#44,.F.) ;
#538=ORIENTED_EDGE('',*,*,#110,.T.) ;
#539=ORIENTED_EDGE('',*,*,#536,.T.) ;
#540=ORIENTED_EDGE('',*,*,#278,.F.) ;
#585=ORIENTED_EDGE('',*,*,#578,.T.) ;
#586=ORIENTED_EDGE('',*,*,#58,.F.) ;
#587=ORIENTED_EDGE('',*,*,#230,.F.) ;
#588=ORIENTED_EDGE('',*,*,#583,.T.) ;
#868=ORIENTED_EDGE('',*,*,#866,.T.) ;
#869=ORIENTED_EDGE('',*,*,#152,.F.) ;
#870=ORIENTED_EDGE('',*,*,#578,.F.) ;
#898=ORIENTED_EDGE('',*,*,#225,.F.) ;
#899=ORIENTED_EDGE('',*,*,#884,.F.) ;
#900=ORIENTED_EDGE('',*,*,#891,.F.) ;
#901=ORIENTED_EDGE('',*,*,#896,.F.) ;
#922=ORIENTED_EDGE('',*,*,#915,.F.) ;
#923=ORIENTED_EDGE('',*,*,#920,.T.) ;
#924=ORIENTED_EDGE('',*,*,#884,.T.) ;
#925=ORIENTED_EDGE('',*,*,#283,.F.) ;
#946=ORIENTED_EDGE('',*,*,#939,.T.) ;
#947=ORIENTED_EDGE('',*,*,#920,.F.) ;
#948=ORIENTED_EDGE('',*,*,#944,.F.) ;
#969=ORIENTED_EDGE('',*,*,#896,.T.) ;
#970=ORIENTED_EDGE('',*,*,#962,.F.) ;
#971=ORIENTED_EDGE('',*,*,#967,.F.) ;
#972=ORIENTED_EDGE('',*,*,#583,.F.) ;
#993=ORIENTED_EDGE('',*,*,#962,.T.) ;
#994=ORIENTED_EDGE('',*,*,#986,.F.) ;
#995=ORIENTED_EDGE('',*,*,#991,.F.) ;
#1009=ORIENTED_EDGE('',*,*,#986,.T.) ;
#1010=ORIENTED_EDGE('',*,*,#891,.T.) ;
#1011=ORIENTED_EDGE('',*,*,#939,.F.) ;
#1012=ORIENTED_EDGE('',*,*,#1007,.F.) ;
#1049=ORIENTED_EDGE('',*,*,#1028,.T.) ;
#1050=ORIENTED_EDGE('',*,*,#1035,.F.) ;
#1051=ORIENTED_EDGE('',*,*,#1042,.F.) ;
#1052=ORIENTED_EDGE('',*,*,#1047,.F.) ;
#1080=ORIENTED_EDGE('',*,*,#1042,.T.) ;
#1081=ORIENTED_EDGE('',*,*,#1066,.F.) ;
#1082=ORIENTED_EDGE('',*,*,#1073,.F.) ;
#1083=ORIENTED_EDGE('',*,*,#1078,.F.) ;
#1104=ORIENTED_EDGE('',*,*,#1097,.T.) ;
#1105=ORIENTED_EDGE('',*,*,#1078,.T.) ;
#1106=ORIENTED_EDGE('',*,*,#1102,.F.) ;
#1127=ORIENTED_EDGE('',*,*,#1120,.T.) ;
#1128=ORIENTED_EDGE('',*,*,#1047,.T.) ;
#1129=ORIENTED_EDGE('',*,*,#1097,.F.) ;
#1130=ORIENTED_EDGE('',*,*,#1125,.F.) ;
#1151=ORIENTED_EDGE('',*,*,#1144,.T.) ;
#1152=ORIENTED_EDGE('',*,*,#1149,.T.) ;
#1153=ORIENTED_EDGE('',*,*,#1120,.F.) ;
#1174=ORIENTED_EDGE('',*,*,#1167,.T.) ;
#1175=ORIENTED_EDGE('',*,*,#1172,.F.) ;
#1176=ORIENTED_EDGE('',*,*,#1028,.F.) ;
#1177=ORIENTED_EDGE('',*,*,#1149,.F.) ;
#1235=ORIENTED_EDGE('',*,*,#1193,.F.) ;
#1236=ORIENTED_EDGE('',*,*,#1213,.F.) ;
#1237=ORIENTED_EDGE('',*,*,#1035,.T.) ;
#1238=ORIENTED_EDGE('',*,*,#1233,.T.) ;
#1455=ORIENTED_EDGE('',*,*,#1066,.T.) ;
#1456=ORIENTED_EDGE('',*,*,#1213,.T.) ;
#1457=ORIENTED_EDGE('',*,*,#1453,.F.) ;
#1674=ORIENTED_EDGE('',*,*,#1172,.T.) ;
#1675=ORIENTED_EDGE('',*,*,#1672,.T.) ;
#1676=ORIENTED_EDGE('',*,*,#1233,.F.) ;
#1702=ORIENTED_EDGE('',*,*,#536,.F.) ;
#1703=ORIENTED_EDGE('',*,*,#105,.F.) ;
#1704=ORIENTED_EDGE('',*,*,#1690,.F.) ;
#1705=ORIENTED_EDGE('',*,*,#1695,.F.) ;
#1706=ORIENTED_EDGE('',*,*,#1073,.T.) ;
#1707=ORIENTED_EDGE('',*,*,#1700,.F.) ;
#1708=ORIENTED_EDGE('',*,*,#915,.T.) ;
#1729=ORIENTED_EDGE('',*,*,#1102,.T.) ;
#1730=ORIENTED_EDGE('',*,*,#1695,.T.) ;
#1731=ORIENTED_EDGE('',*,*,#1722,.F.) ;
#1732=ORIENTED_EDGE('',*,*,#1727,.F.) ;
#1753=ORIENTED_EDGE('',*,*,#1722,.T.) ;
#1754=ORIENTED_EDGE('',*,*,#1746,.F.) ;
#1755=ORIENTED_EDGE('',*,*,#1751,.F.) ;
#1769=ORIENTED_EDGE('',*,*,#1746,.T.) ;
#1770=ORIENTED_EDGE('',*,*,#1690,.T.) ;
#1771=ORIENTED_EDGE('',*,*,#129,.F.) ;
#1772=ORIENTED_EDGE('',*,*,#1767,.F.) ;
#1786=ORIENTED_EDGE('',*,*,#1784,.F.) ;
#1787=ORIENTED_EDGE('',*,*,#944,.T.) ;
#1788=ORIENTED_EDGE('',*,*,#1700,.T.) ;
#1789=ORIENTED_EDGE('',*,*,#1453,.T.) ;
#1810=ORIENTED_EDGE('',*,*,#1803,.T.) ;
#1811=ORIENTED_EDGE('',*,*,#1125,.T.) ;
#1812=ORIENTED_EDGE('',*,*,#1727,.T.) ;
#1813=ORIENTED_EDGE('',*,*,#1808,.F.) ;
#1834=ORIENTED_EDGE('',*,*,#1827,.T.) ;
#1835=ORIENTED_EDGE('',*,*,#1832,.T.) ;
#1836=ORIENTED_EDGE('',*,*,#1144,.F.) ;
#1837=ORIENTED_EDGE('',*,*,#1803,.F.) ;
#1858=ORIENTED_EDGE('',*,*,#1851,.T.) ;
#1859=ORIENTED_EDGE('',*,*,#1827,.F.) ;
#1860=ORIENTED_EDGE('',*,*,#1856,.F.) ;
#1874=ORIENTED_EDGE('',*,*,#1856,.T.) ;
#1875=ORIENTED_EDGE('',*,*,#1808,.T.) ;
#1876=ORIENTED_EDGE('',*,*,#1751,.T.) ;
#1877=ORIENTED_EDGE('',*,*,#1872,.F.) ;
#1896=ORIENTED_EDGE('',*,*,#1832,.F.) ;
#1897=ORIENTED_EDGE('',*,*,#1889,.F.) ;
#1898=ORIENTED_EDGE('',*,*,#159,.F.) ;
#1899=ORIENTED_EDGE('',*,*,#866,.F.) ;
#1900=ORIENTED_EDGE('',*,*,#967,.T.) ;
#1901=ORIENTED_EDGE('',*,*,#1894,.F.) ;
#1902=ORIENTED_EDGE('',*,*,#1167,.F.) ;
#1916=ORIENTED_EDGE('',*,*,#183,.T.) ;
#1917=ORIENTED_EDGE('',*,*,#1889,.T.) ;
#1918=ORIENTED_EDGE('',*,*,#1851,.F.) ;
#1919=ORIENTED_EDGE('',*,*,#1914,.F.) ;
#1933=ORIENTED_EDGE('',*,*,#1894,.T.) ;
#1934=ORIENTED_EDGE('',*,*,#991,.T.) ;
#1935=ORIENTED_EDGE('',*,*,#1931,.F.) ;
#1936=ORIENTED_EDGE('',*,*,#1672,.F.) ;
#1945=ORIENTED_EDGE('',*,*,#1784,.T.) ;
#1946=ORIENTED_EDGE('',*,*,#1193,.T.) ;
#1947=ORIENTED_EDGE('',*,*,#1931,.T.) ;
#1948=ORIENTED_EDGE('',*,*,#1007,.T.) ;
#1957=ORIENTED_EDGE('',*,*,#1914,.T.) ;
#1958=ORIENTED_EDGE('',*,*,#1872,.T.) ;
#1959=ORIENTED_EDGE('',*,*,#1767,.T.) ;
#1960=ORIENTED_EDGE('',*,*,#204,.F.) ;
#78=EDGE_LOOP('',(#79,#80,#81,#82,#83,#84)) ;
#111=EDGE_LOOP('',(#112,#113,#114,#115)) ;
#135=EDGE_LOOP('',(#136,#137,#138)) ;
#165=EDGE_LOOP('',(#166,#167,#168,#169)) ;
#189=EDGE_LOOP('',(#190,#191,#192)) ;
#205=EDGE_LOOP('',(#206,#207,#208,#209)) ;
#236=EDGE_LOOP('',(#237,#238,#239,#240)) ;
#284=EDGE_LOOP('',(#285,#286,#287,#288)) ;
#537=EDGE_LOOP('',(#538,#539,#540)) ;
#584=EDGE_LOOP('',(#585,#586,#587,#588)) ;
#867=EDGE_LOOP('',(#868,#869,#870)) ;
#897=EDGE_LOOP('',(#898,#899,#900,#901)) ;
#921=EDGE_LOOP('',(#922,#923,#924,#925)) ;
#945=EDGE_LOOP('',(#946,#947,#948)) ;
#968=EDGE_LOOP('',(#969,#970,#971,#972)) ;
#992=EDGE_LOOP('',(#993,#994,#995)) ;
#1008=EDGE_LOOP('',(#1009,#1010,#1011,#1012)) ;
#1048=EDGE_LOOP('',(#1049,#1050,#1051,#1052)) ;
#1079=EDGE_LOOP('',(#1080,#1081,#1082,#1083)) ;
#1103=EDGE_LOOP('',(#1104,#1105,#1106)) ;
#1126=EDGE_LOOP('',(#1127,#1128,#1129,#1130)) ;
#1150=EDGE_LOOP('',(#1151,#1152,#1153)) ;
#1173=EDGE_LOOP('',(#1174,#1175,#1176,#1177)) ;
#1234=EDGE_LOOP('',(#1235,#1236,#1237,#1238)) ;
#1454=EDGE_LOOP('',(#1455,#1456,#1457)) ;
#1673=EDGE_LOOP('',(#1674,#1675,#1676)) ;
#1701=EDGE_LOOP('',(#1702,#1703,#1704,#1705,#1706,#1707,#1708)) ;
#1728=EDGE_LOOP('',(#1729,#1730,#1731,#1732)) ;
#1752=EDGE_LOOP('',(#1753,#1754,#1755)) ;
#1768=EDGE_LOOP('',(#1769,#1770,#1771,#1772)) ;
#1785=EDGE_LOOP('',(#1786,#1787,#1788,#1789)) ;
#1809=EDGE_LOOP('',(#1810,#1811,#1812,#1813)) ;
#1833=EDGE_LOOP('',(#1834,#1835,#1836,#1837)) ;
#1857=EDGE_LOOP('',(#1858,#1859,#1860)) ;
#1873=EDGE_LOOP('',(#1874,#1875,#1876,#1877)) ;
#1895=EDGE_LOOP('',(#1896,#1897,#1898,#1899,#1900,#1901,#1902)) ;
#1915=EDGE_LOOP('',(#1916,#1917,#1918,#1919)) ;
#1932=EDGE_LOOP('',(#1933,#1934,#1935,#1936)) ;
#1944=EDGE_LOOP('',(#1945,#1946,#1947,#1948)) ;
#1956=EDGE_LOOP('',(#1957,#1958,#1959,#1960)) ;
#1963=ADVANCED_BREP_SHAPE_REPRESENTATION('NONE',(#21),#16) ;
#86=ADVANCED_FACE('PartBody',(#85),#35,.F.) ;
#117=ADVANCED_FACE('PartBody',(#116),#91,.T.) ;
#140=ADVANCED_FACE('PartBody',(#139),#122,.T.) ;
#171=ADVANCED_FACE('PartBody',(#170),#145,.T.) ;
#194=ADVANCED_FACE('PartBody',(#193),#176,.T.) ;
#211=ADVANCED_FACE('PartBody',(#210),#199,.T.) ;
#242=ADVANCED_FACE('PartBody',(#241),#216,.F.) ;
#290=ADVANCED_FACE('PartBody',(#289),#247,.F.) ;
#542=ADVANCED_FACE('PartBody',(#541),#291,.F.) ;
#590=ADVANCED_FACE('PartBody',(#589),#547,.F.) ;
#872=ADVANCED_FACE('PartBody',(#871),#591,.F.) ;
#903=ADVANCED_FACE('PartBody',(#902),#877,.F.) ;
#927=ADVANCED_FACE('PartBody',(#926),#908,.T.) ;
#950=ADVANCED_FACE('PartBody',(#949),#932,.T.) ;
#974=ADVANCED_FACE('PartBody',(#973),#955,.T.) ;
#997=ADVANCED_FACE('PartBody',(#996),#979,.T.) ;
#1014=ADVANCED_FACE('PartBody',(#1013),#1002,.T.) ;
#1054=ADVANCED_FACE('PartBody',(#1053),#1019,.T.) ;
#1085=ADVANCED_FACE('PartBody',(#1084),#1059,.T.) ;
#1108=ADVANCED_FACE('PartBody',(#1107),#1090,.T.) ;
#1132=ADVANCED_FACE('PartBody',(#1131),#1113,.T.) ;
#1155=ADVANCED_FACE('PartBody',(#1154),#1137,.T.) ;
#1179=ADVANCED_FACE('PartBody',(#1178),#1160,.T.) ;
#1240=ADVANCED_FACE('PartBody',(#1239),#1184,.T.) ;
#1459=ADVANCED_FACE('PartBody',(#1458),#1241,.F.) ;
#1678=ADVANCED_FACE('PartBody',(#1677),#1460,.F.) ;
#1710=ADVANCED_FACE('PartBody',(#1709),#1683,.F.) ;
#1734=ADVANCED_FACE('PartBody',(#1733),#1715,.T.) ;
#1757=ADVANCED_FACE('PartBody',(#1756),#1739,.T.) ;
#1774=ADVANCED_FACE('PartBody',(#1773),#1762,.T.) ;
#1791=ADVANCED_FACE('PartBody',(#1790),#1779,.T.) ;
#1815=ADVANCED_FACE('PartBody',(#1814),#1796,.F.) ;
#1839=ADVANCED_FACE('PartBody',(#1838),#1820,.T.) ;
#1862=ADVANCED_FACE('PartBody',(#1861),#1844,.T.) ;
#1879=ADVANCED_FACE('PartBody',(#1878),#1867,.T.) ;
#1904=ADVANCED_FACE('PartBody',(#1903),#1884,.F.) ;
#1921=ADVANCED_FACE('PartBody',(#1920),#1909,.T.) ;
#1938=ADVANCED_FACE('PartBody',(#1937),#1926,.T.) ;
#1950=ADVANCED_FACE('PartBody',(#1949),#1943,.T.) ;
#1962=ADVANCED_FACE('PartBody',(#1961),#1955,.T.) ;
#4=APPLICATION_PROTOCOL_DEFINITION('international standard','ap242_managed_model_based_3d_engineering',2014,#1) ;
#248=B_SPLINE_CURVE_WITH_KNOTS('',5,(#249,#250,#251,#252,#253,#254,#255,#256,#257,#258,#259,#260,#261,#262,#263,#264,#265,#266,#267,#268,#269,#270,#271,#272,#273,#274,#275),.UNSPECIFIED.,.F.,.U.,(6,3,3,3,3,3,3,3,6),(2.3951422714E-13,4.62677503295,27.0650241895,54.130048379,94.1527884679,125.83335197,154.964140415,188.884059409,218.233219777),.UNIFORM_KNOTS.) ;
#508=B_SPLINE_CURVE_WITH_KNOTS('',5,(#509,#510,#511,#512,#513,#514,#515,#516,#517,#518,#519,#520,#521,#522,#523,#524,#525,#526,#527,#528,#529,#530,#531,#532,#533,#534,#535),.UNSPECIFIED.,.F.,.U.,(6,3,3,3,3,3,3,3,6),(0.,0.0396466902847,4.62677503295,54.130048379,94.1527884679,125.83335197,154.964140415,188.884059409,218.233261558),.UNIFORM_KNOTS.) ;
#548=B_SPLINE_CURVE_WITH_KNOTS('',5,(#549,#550,#551,#552,#553,#554,#555,#556,#557,#558,#559,#560,#561,#562,#563,#564,#565,#566,#567,#568,#569,#570,#571,#572,#573,#574,#575),.UNSPECIFIED.,.F.,.U.,(6,3,3,3,3,3,3,3,6),(223.463121855,267.411749382,293.957512235,323.382135643,347.542728821,387.565465559,414.630490101,437.068739583,441.695514644),.UNIFORM_KNOTS.) ;
#835=B_SPLINE_CURVE_WITH_KNOTS('',5,(#836,#837,#838,#839,#840,#841,#842,#843,#844,#845,#846,#847,#848,#849,#850,#851,#852,#853,#854,#855,#856,#857,#858,#859,#860,#861,#862,#863,#864,#865),.UNSPECIFIED.,.F.,.U.,(6,3,3,3,3,3,3,3,3,6),(223.463100207,233.25372591,267.411749382,293.957512235,323.382135643,347.542728821,387.565465559,437.068739583,441.655867952,441.695514644),.UNIFORM_KNOTS.) ;
#1194=B_SPLINE_CURVE_WITH_KNOTS('',5,(#1195,#1196,#1197,#1198,#1199,#1200,#1201,#1202,#1203,#1204,#1205,#1206,#1207,#1208,#1209,#1210,#1211,#1212),.UNSPECIFIED.,.F.,.U.,(6,3,3,3,3,6),(0.,3.0410840472,16.9169455446,33.8338910892,68.0104227169,115.397246034),.UNIFORM_KNOTS.) ;
#1214=B_SPLINE_CURVE_WITH_KNOTS('',5,(#1215,#1216,#1217,#1218,#1219,#1220,#1221,#1222,#1223,#1224,#1225,#1226,#1227,#1228,#1229,#1230,#1231,#1232),.UNSPECIFIED.,.F.,.U.,(6,3,3,3,3,6),(0.,3.04108403912,16.9169455428,33.8338910856,68.0104227172,115.397246038),.UNIFORM_KNOTS.) ;
#1431=B_SPLINE_CURVE_WITH_KNOTS('',5,(#1432,#1433,#1434,#1435,#1436,#1437,#1438,#1439,#1440,#1441,#1442,#1443,#1444,#1445,#1446,#1447,#1448,#1449,#1450,#1451,#1452),.UNSPECIFIED.,.F.,.U.,(6,3,3,3,3,3,6),(0.,0.0259974700184,3.0410840472,33.8338910892,68.0104227169,87.5765674264,115.397246034),.UNIFORM_KNOTS.) ;
#1650=B_SPLINE_CURVE_WITH_KNOTS('',5,(#1651,#1652,#1653,#1654,#1655,#1656,#1657,#1658,#1659,#1660,#1661,#1662,#1663,#1664,#1665,#1666,#1667,#1668,#1669,#1670,#1671),.UNSPECIFIED.,.F.,.U.,(6,3,3,3,3,3,6),(0.,0.0259974700184,3.04108403912,33.8338910856,68.0104227172,87.5765674268,115.397246038),.UNIFORM_KNOTS.) ;
#291=B_SPLINE_SURFACE_WITH_KNOTS('',5,5,((#292,#293,#294,#295,#296,#297,#298,#299,#300),(#301,#302,#303,#304,#305,#306,#307,#308,#309),(#310,#311,#312,#313,#314,#315,#316,#317,#318),(#319,#320,#321,#322,#323,#324,#325,#326,#327),(#328,#329,#330,#331,#332,#333,#334,#335,#336),(#337,#338,#339,#340,#341,#342,#343,#344,#345),(#346,#347,#348,#349,#350,#351,#352,#353,#354),(#355,#356,#357,#358,#359,#360,#361,#362,#363),(#364,#365,#366,#367,#368,#369,#370,#371,#372),(#373,#374,#375,#376,#377,#378,#379,#380,#381),(#382,#383,#384,#385,#386,#387,#388,#389,#390),(#391,#392,#393,#394,#395,#396,#397,#398,#399),(#400,#401,#402,#403,#404,#405,#406,#407,#408),(#409,#410,#411,#412,#413,#414,#415,#416,#417),(#418,#419,#420,#421,#422,#423,#424,#425,#426),(#427,#428,#429,#430,#431,#432,#433,#434,#435),(#436,#437,#438,#439,#440,#441,#442,#443,#444),(#445,#446,#447,#448,#449,#450,#451,#452,#453),(#454,#455,#456,#457,#458,#459,#460,#461,#462),(#463,#464,#465,#466,#467,#468,#469,#470,#471),(#472,#473,#474,#475,#476,#477,#478,#479,#480),(#481,#482,#483,#484,#485,#486,#487,#488,#489),(#490,#491,#492,#493,#494,#495,#496,#497,#498),(#499,#500,#501,#502,#503,#504,#505,#506,#507)),.TOROIDAL_SURF.,.F.,.F.,.U.,(6,3,3,3,3,3,3,6),(6,3,6),(1.59673450122E-13,4.62677503295,27.0650241895,54.130048379,94.1527884679,125.83335197,154.964140415,218.233261558),(0.,15.,30.),.UNIFORM_KNOTS.) ;
#591=B_SPLINE_SURFACE_WITH_KNOTS('',5,5,((#592,#593,#594,#595,#596,#597,#598,#599,#600),(#601,#602,#603,#604,#605,#606,#607,#608,#609),(#610,#611,#612,#613,#614,#615,#616,#617,#618),(#619,#620,#621,#622,#623,#624,#625,#626,#627),(#628,#629,#630,#631,#632,#633,#634,#635,#636),(#637,#638,#639,#640,#641,#642,#643,#644,#645),(#646,#647,#648,#649,#650,#651,#652,#653,#654),(#655,#656,#657,#658,#659,#660,#661,#662,#663),(#664,#665,#666,#667,#668,#669,#670,#671,#672),(#673,#674,#675,#676,#677,#678,#679,#680,#681),(#682,#683,#684,#685,#686,#687,#688,#689,#690),(#691,#692,#693,#694,#695,#696,#697,#698,#699),(#700,#701,#702,#703,#704,#705,#706,#707,#708),(#709,#710,#711,#712,#713,#714,#715,#716,#717),(#718,#719,#720,#721,#722,#723,#724,#725,#726),(#727,#728,#729,#730,#731,#732,#733,#734,#735),(#736,#737,#738,#739,#740,#741,#742,#743,#744),(#745,#746,#747,#748,#749,#750,#751,#752,#753),(#754,#755,#756,#757,#758,#759,#760,#761,#762),(#763,#764,#765,#766,#767,#768,#769,#770,#771),(#772,#773,#774,#775,#776,#777,#778,#779,#780),(#781,#782,#783,#784,#785,#786,#787,#788,#789),(#790,#791,#792,#793,#794,#795,#796,#797,#798),(#799,#800,#801,#802,#803,#804,#805,#806,#807),(#808,#809,#810,#811,#812,#813,#814,#815,#816),(#817,#818,#819,#820,#821,#822,#823,#824,#825),(#826,#827,#828,#829,#830,#831,#832,#833,#834)),.TOROIDAL_SURF.,.F.,.F.,.U.,(6,3,3,3,3,3,3,3,6),(6,3,6),(223.463100207,267.411749382,293.957512235,323.382135643,347.542728821,387.565465559,414.630490101,437.068739583,441.695514644),(0.,15.,30.),.UNIFORM_KNOTS.) ;
#1241=B_SPLINE_SURFACE_WITH_KNOTS('',5,5,((#1242,#1243,#1244,#1245,#1246,#1247,#1248,#1249,#1250),(#1251,#1252,#1253,#1254,#1255,#1256,#1257,#1258,#1259),(#1260,#1261,#1262,#1263,#1264,#1265,#1266,#1267,#1268),(#1269,#1270,#1271,#1272,#1273,#1274,#1275,#1276,#1277),(#1278,#1279,#1280,#1281,#1282,#1283,#1284,#1285,#1286),(#1287,#1288,#1289,#1290,#1291,#1292,#1293,#1294,#1295),(#1296,#1297,#1298,#1299,#1300,#1301,#1302,#1303,#1304),(#1305,#1306,#1307,#1308,#1309,#1310,#1311,#1312,#1313),(#1314,#1315,#1316,#1317,#1318,#1319,#1320,#1321,#1322),(#1323,#1324,#1325,#1326,#1327,#1328,#1329,#1330,#1331),(#1332,#1333,#1334,#1335,#1336,#1337,#1338,#1339,#1340),(#1341,#1342,#1343,#1344,#1345,#1346,#1347,#1348,#1349),(#1350,#1351,#1352,#1353,#1354,#1355,#1356,#1357,#1358),(#1359,#1360,#1361,#1362,#1363,#1364,#1365,#1366,#1367),(#1368,#1369,#1370,#1371,#1372,#1373,#1374,#1375,#1376),(#1377,#1378,#1379,#1380,#1381,#1382,#1383,#1384,#1385),(#1386,#1387,#1388,#1389,#1390,#1391,#1392,#1393,#1394),(#1395,#1396,#1397,#1398,#1399,#1400,#1401,#1402,#1403),(#1404,#1405,#1406,#1407,#1408,#1409,#1410,#1411,#1412),(#1413,#1414,#1415,#1416,#1417,#1418,#1419,#1420,#1421),(#1422,#1423,#1424,#1425,#1426,#1427,#1428,#1429,#1430)),.TOROIDAL_SURF.,.F.,.F.,.U.,(6,3,3,3,3,3,6),(6,3,6),(0.,3.0410840472,16.9169455446,33.8338910892,68.0104227169,87.5765674264,115.397246034),(0.,15.,30.),.UNIFORM_KNOTS.) ;
#1460=B_SPLINE_SURFACE_WITH_KNOTS('',5,5,((#1461,#1462,#1463,#1464,#1465,#1466,#1467,#1468,#1469),(#1470,#1471,#1472,#1473,#1474,#1475,#1476,#1477,#1478),(#1479,#1480,#1481,#1482,#1483,#1484,#1485,#1486,#1487),(#1488,#1489,#1490,#1491,#1492,#1493,#1494,#1495,#1496),(#1497,#1498,#1499,#1500,#1501,#1502,#1503,#1504,#1505),(#1506,#1507,#1508,#1509,#1510,#1511,#1512,#1513,#1514),(#1515,#1516,#1517,#1518,#1519,#1520,#1521,#1522,#1523),(#1524,#1525,#1526,#1527,#1528,#1529,#1530,#1531,#1532),(#1533,#1534,#1535,#1536,#1537,#1538,#1539,#1540,#1541),(#1542,#1543,#1544,#1545,#1546,#1547,#1548,#1549,#1550),(#1551,#1552,#1553,#1554,#1555,#1556,#1557,#1558,#1559),(#1560,#1561,#1562,#1563,#1564,#1565,#1566,#1567,#1568),(#1569,#1570,#1571,#1572,#1573,#1574,#1575,#1576,#1577),(#1578,#1579,#1580,#1581,#1582,#1583,#1584,#1585,#1586),(#1587,#1588,#1589,#1590,#1591,#1592,#1593,#1594,#1595),(#1596,#1597,#1598,#1599,#1600,#1601,#1602,#1603,#1604),(#1605,#1606,#1607,#1608,#1609,#1610,#1611,#1612,#1613),(#1614,#1615,#1616,#1617,#1618,#1619,#1620,#1621,#1622),(#1623,#1624,#1625,#1626,#1627,#1628,#1629,#1630,#1631),(#1632,#1633,#1634,#1635,#1636,#1637,#1638,#1639,#1640),(#1641,#1642,#1643,#1644,#1645,#1646,#1647,#1648,#1649)),.TOROIDAL_SURF.,.F.,.F.,.U.,(6,3,3,3,3,3,6),(6,3,6),(6.34435438614E-14,3.04108403912,16.9169455428,33.8338910856,68.0104227172,87.5765674268,115.397246038),(0.,15.,30.),.UNIFORM_KNOTS.) ;
#22=COLOUR_RGB('Colour',0.823529411765,0.823529411765,1.) ;
#1999=DRAUGHTING_PRE_DEFINED_COLOUR('white') ;
#1998=DRAUGHTING_PRE_DEFINED_CURVE_FONT('continuous') ;
#85=FACE_OUTER_BOUND('',#78,.T.) ;
#116=FACE_OUTER_BOUND('',#111,.T.) ;
#139=FACE_OUTER_BOUND('',#135,.T.) ;
#170=FACE_OUTER_BOUND('',#165,.T.) ;
#193=FACE_OUTER_BOUND('',#189,.T.) ;
#210=FACE_OUTER_BOUND('',#205,.T.) ;
#241=FACE_OUTER_BOUND('',#236,.T.) ;
#289=FACE_OUTER_BOUND('',#284,.T.) ;
#541=FACE_OUTER_BOUND('',#537,.T.) ;
#589=FACE_OUTER_BOUND('',#584,.T.) ;
#871=FACE_OUTER_BOUND('',#867,.T.) ;
#902=FACE_OUTER_BOUND('',#897,.T.) ;
#926=FACE_OUTER_BOUND('',#921,.T.) ;
#949=FACE_OUTER_BOUND('',#945,.T.) ;
#973=FACE_OUTER_BOUND('',#968,.T.) ;
#996=FACE_OUTER_BOUND('',#992,.T.) ;
#1013=FACE_OUTER_BOUND('',#1008,.T.) ;
#1053=FACE_OUTER_BOUND('',#1048,.T.) ;
#1084=FACE_OUTER_BOUND('',#1079,.T.) ;
#1107=FACE_OUTER_BOUND('',#1103,.T.) ;
#1131=FACE_OUTER_BOUND('',#1126,.T.) ;
#1154=FACE_OUTER_BOUND('',#1150,.T.) ;
#1178=FACE_OUTER_BOUND('',#1173,.T.) ;
#1239=FACE_OUTER_BOUND('',#1234,.T.) ;
#1458=FACE_OUTER_BOUND('',#1454,.T.) ;
#1677=FACE_OUTER_BOUND('',#1673,.T.) ;
#1709=FACE_OUTER_BOUND('',#1701,.T.) ;
#1733=FACE_OUTER_BOUND('',#1728,.T.) ;
#1756=FACE_OUTER_BOUND('',#1752,.T.) ;
#1773=FACE_OUTER_BOUND('',#1768,.T.) ;
#1790=FACE_OUTER_BOUND('',#1785,.T.) ;
#1814=FACE_OUTER_BOUND('',#1809,.T.) ;
#1838=FACE_OUTER_BOUND('',#1833,.T.) ;
#1861=FACE_OUTER_BOUND('',#1857,.T.) ;
#1878=FACE_OUTER_BOUND('',#1873,.T.) ;
#1903=FACE_OUTER_BOUND('',#1895,.T.) ;
#1920=FACE_OUTER_BOUND('',#1915,.T.) ;
#1937=FACE_OUTER_BOUND('',#1932,.T.) ;
#1949=FACE_OUTER_BOUND('',#1944,.T.) ;
#1961=FACE_OUTER_BOUND('',#1956,.T.) ;
#2003=GEOMETRICALLY_BOUNDED_SURFACE_SHAPE_REPRESENTATION('NONE',(#2004),#16) ;
#9=PRODUCT_CATEGORY_RELATIONSHIP(' ',' ',#7,#8) ;
#6=PRODUCT_DEFINITION_FORMATION_WITH_SPECIFIED_SOURCE('',' ',#5,.NOT_KNOWN.) ;
#20=SHAPE_DEFINITION_REPRESENTATION(#11,#19) ;
#12=(LENGTH_UNIT()NAMED_UNIT(*)SI_UNIT(.MILLI.,.METRE.)) ;
#13=(NAMED_UNIT(*)PLANE_ANGLE_UNIT()SI_UNIT($,.RADIAN.)) ;
#14=(NAMED_UNIT(*)SI_UNIT($,.STERADIAN.)SOLID_ANGLE_UNIT()) ;
#16=(GEOMETRIC_REPRESENTATION_CONTEXT(3)GLOBAL_UNCERTAINTY_ASSIGNED_CONTEXT((#15))GLOBAL_UNIT_ASSIGNED_CONTEXT((#12,#13,#14))REPRESENTATION_CONTEXT(' ',' ')) ;
ENDSEC;
END-ISO-10303-21;
